// GENERATED by tools/make_fonts.py -- do not edit by hand.
// DejaVu Sans (Bitstream Vera license). 1 bit per pixel, rows
// packed MSB-first and continuous across row ends.
#pragma once
#include "font.h"

// DejaVuSans.ttf @ 13px
static const uint8_t font_tiny_bits[] = {
  0x21,0x08,0x42,0x10,0x04,0x20,0x49,0x24,0x92,0x00,0x00,0x00,0x00,0x0d,0x81,0x20,0x24,0x1f,0xe0,0xb0,
  0x24,0x1f,0xe0,0x90,0x16,0x06,0x80,0x00,0x3c,0x6a,0x40,0x38,0x1e,0x02,0x42,0x3c,0x00,0x00,0x30,0x84,
  0x88,0x49,0x04,0xa0,0x72,0xe0,0x5b,0x09,0x10,0x9b,0x10,0xe0,0x1c,0x0c,0x82,0x00,0xc0,0x68,0x91,0x24,
  0x31,0x8c,0x3c,0x80,0x44,0x44,0x00,0x00,0x00,0x11,0x08,0xc6,0x21,0x0c,0x61,0x08,0x20,0x41,0x08,0x61,
  0x08,0x42,0x31,0x08,0x80,0x10,0xa8,0xe1,0xc5,0x42,0x00,0x00,0x00,0x04,0x00,0x80,0x10,0x02,0x07,0xfc,
  0x08,0x01,0x00,0x20,0x04,0x00,0x66,0x40,0x70,0x00,0x00,0x66,0x10,0x8c,0x42,0x11,0x08,0x46,0x20,0x3c,
  0x66,0x42,0x42,0x42,0x42,0x42,0x66,0x3c,0x78,0x08,0x08,0x08,0x08,0x08,0x08,0x08,0x3e,0x3c,0x46,0x06,
  0x06,0x04,0x08,0x30,0x60,0x7e,0x3c,0x46,0x02,0x06,0x1c,0x06,0x02,0x46,0x3c,0x0c,0x1c,0x14,0x24,0x64,
  0x44,0x7f,0x04,0x04,0x7e,0x60,0x60,0x7c,0x06,0x02,0x02,0x46,0x3c,0x1c,0x22,0x60,0x7c,0x66,0x62,0x62,
  0x26,0x3c,0x7e,0x06,0x04,0x04,0x0c,0x08,0x18,0x10,0x10,0x3c,0x66,0x42,0x66,0x3c,0x66,0x42,0x66,0x3c,
  0x3c,0x66,0x42,0x42,0x66,0x3e,0x02,0x46,0x38,0x66,0x00,0x06,0x60,0x66,0x00,0x06,0x64,0x00,0xc0,0xf0,
  0xf0,0x38,0x03,0xc0,0x0f,0x00,0x30,0x00,0x7f,0xc0,0x00,0x00,0x3f,0xe0,0x00,0x00,0x00,0x60,0x07,0x80,
  0x1c,0x00,0xe0,0x70,0x78,0x18,0x00,0x00,0x38,0x98,0x30,0x41,0x06,0x00,0x18,0x30,0x0f,0x80,0xc3,0x08,
  0x08,0x8f,0x24,0x89,0x24,0x49,0x22,0xc8,0xf8,0x20,0x00,0xc2,0x03,0xe0,0x18,0x0e,0x05,0x04,0xc2,0x23,
  0xf1,0x04,0x82,0xc1,0x80,0x7e,0x31,0x18,0xcc,0x47,0xe3,0x19,0x84,0xc6,0x7e,0x00,0x1f,0x18,0x98,0x08,
  0x04,0x02,0x01,0x80,0x62,0x1f,0x00,0x7e,0x18,0xc6,0x19,0x82,0x60,0x98,0x26,0x19,0x8c,0x7e,0x00,0x7e,
  0x60,0x60,0x60,0x7e,0x60,0x60,0x60,0x7e,0x7e,0xc1,0x83,0x07,0xcc,0x18,0x30,0x60,0x1f,0x0c,0x26,0x01,
  0x00,0x43,0x90,0x26,0x08,0xc6,0x1f,0x00,0x61,0x98,0x66,0x19,0x86,0x7f,0x98,0x66,0x19,0x86,0x61,0x80,
  0x66,0x66,0x66,0x66,0x60,0x31,0x8c,0x63,0x18,0xc6,0x31,0x89,0xc0,0x63,0x33,0x1b,0x0f,0x07,0x03,0xc1,
  0xb0,0xcc,0x61,0x00,0x60,0x60,0x60,0x60,0x60,0x60,0x60,0x60,0x7e,0x60,0xce,0x39,0xc5,0x3c,0xa6,0xa4,
  0xdc,0x99,0x93,0x02,0x60,0x40,0x61,0x9c,0x67,0x19,0xa6,0x6d,0x99,0x66,0x79,0x8e,0x63,0x80,0x1e,0x0c,
  0x66,0x09,0x02,0x40,0xd0,0x26,0x08,0xc6,0x1e,0x00,0x7c,0x66,0x62,0x62,0x66,0x7c,0x60,0x60,0x60,0x1e,
  0x0c,0x66,0x09,0x02,0x40,0xd0,0x26,0x08,0xc6,0x1e,0x00,0xc0,0x10,0x7c,0x31,0x18,0x8c,0x47,0xc3,0x31,
  0x88,0xc6,0x61,0x00,0x3c,0x62,0x40,0x60,0x3c,0x02,0x03,0x42,0x3c,0x7f,0x86,0x03,0x01,0x80,0xc0,0x60,
  0x30,0x18,0x0c,0x00,0x41,0x10,0x44,0x11,0x04,0x41,0x18,0x46,0x10,0x8c,0x1e,0x00,0xc1,0xa0,0x90,0xcc,
  0x42,0x21,0xb0,0x50,0x38,0x18,0x00,0xc6,0x12,0x38,0x91,0x4c,0xca,0x62,0xd2,0x14,0xd0,0xe3,0x87,0x1c,
  0x18,0xc0,0x63,0x11,0x0d,0x83,0x80,0x80,0xe0,0xd8,0xc6,0x41,0x00,0x61,0x91,0x84,0x83,0xc0,0xc0,0x60,
  0x30,0x18,0x0c,0x00,0x7f,0x01,0x81,0x81,0x80,0x80,0x80,0xc0,0xc0,0x7f,0x00,0x72,0x10,0x84,0x21,0x08,
  0x42,0x10,0xe0,0x86,0x10,0x84,0x10,0x84,0x30,0x84,0x70,0x84,0x21,0x08,0x42,0x10,0x84,0xe0,0x0e,0x03,
  0x40,0x44,0x10,0x40,0x00,0x00,0x00,0x00,0x00,0x00,0x00,0x00,0x00,0x7f,0x20,0x20,0x00,0x00,0x00,0x00,
  0x00,0x00,0x00,0x7c,0x04,0x06,0x3e,0x46,0x46,0x7e,0x40,0x40,0x40,0x40,0x7c,0x66,0x62,0x43,0x62,0x66,
  0x7c,0x3c,0xc1,0x02,0x04,0x0c,0x0f,0x00,0x02,0x02,0x02,0x02,0x3a,0x66,0x42,0x42,0x42,0x66,0x3a,0x3c,
  0x66,0x42,0x7e,0x40,0x62,0x3c,0x39,0x18,0xcf,0xb1,0x8c,0x63,0x18,0x3a,0x66,0x42,0x42,0x42,0x66,0x3e,
  0x02,0x06,0x3c,0x40,0x40,0x40,0x40,0x7c,0x66,0x62,0x42,0x42,0x42,0x42,0x40,0x04,0x44,0x44,0x44,0x20,
  0x00,0x42,0x10,0x84,0x21,0x08,0x46,0x00,0x40,0x40,0x40,0x40,0x46,0x4c,0x78,0x70,0x58,0x4c,0x46,0x44,
  0x44,0x44,0x44,0x44,0x40,0x7d,0xe3,0x39,0x18,0x8c,0x84,0x64,0x23,0x21,0x19,0x08,0xc0,0x7c,0x66,0x62,
  0x42,0x42,0x42,0x42,0x3c,0x66,0x42,0x42,0x42,0x66,0x3c,0x7c,0x66,0x62,0x43,0x62,0x66,0x7c,0x40,0x40,
  0x40,0x3a,0x66,0x42,0x42,0x42,0x66,0x3a,0x02,0x02,0x02,0x79,0x86,0x10,0x41,0x04,0x00,0x78,0x89,0x01,
  0xc0,0x48,0x9e,0x00,0x42,0x3e,0x84,0x21,0x0c,0x38,0x42,0x42,0x42,0x42,0x42,0x66,0x3a,0x42,0x46,0x64,
  0x24,0x2c,0x38,0x18,0x4c,0x49,0x99,0x2a,0x35,0x43,0xb8,0x67,0x0c,0x40,0x46,0x24,0x38,0x18,0x38,0x64,
  0x46,0x42,0x46,0x64,0x24,0x3c,0x18,0x18,0x10,0x30,0x60,0x7c,0x18,0x20,0x82,0x08,0x3f,0x00,0x0e,0x08,
  0x08,0x08,0x18,0x30,0x18,0x18,0x08,0x08,0x08,0x0e,0x22,0x22,0x22,0x22,0x22,0x22,0x20,0x30,0x18,0x18,
  0x18,0x08,0x0e,0x08,0x18,0x18,0x18,0x18,0x30,0x00,0x07,0x89,0x1e,0x00,0x00,0x00,0x00,0x00,0x38,0x91,
  0x21,0xc0,0x00,0x00,0x00,0x00,0x66,0x00,0x00,0x0c,0x03,0xe0,0x54,0x02,0x00,0x40,0x08,0x01,0x00,0x20,
  0x04,0x00,0x80,0x04,0x00,0x80,0x10,0x02,0x00,0x40,0x08,0x01,0x00,0xa8,0x1f,0x01,0x80,0x7f,0xc0,0x00,
  0x00,0x00,0x00,0x00,
};
static const Glyph font_tiny_glyphs[] = {
  {0x0020,0,0,0,0,0,4},
  {0x0021,0,5,9,0,-9,5},
  {0x0022,6,6,9,0,-9,6},
  {0x0023,13,11,10,0,-10,11},
  {0x0024,27,8,11,0,-9,8},
  {0x0025,38,12,9,0,-9,12},
  {0x0026,52,10,9,0,-9,10},
  {0x0027,64,4,9,0,-9,4},
  {0x0028,69,5,12,0,-11,5},
  {0x0029,77,5,12,0,-11,5},
  {0x002a,85,7,9,0,-9,6},
  {0x002b,93,11,9,0,-9,11},
  {0x002c,106,4,3,0,-2,4},
  {0x002d,108,5,4,0,-4,5},
  {0x002e,111,4,2,0,-2,4},
  {0x002f,112,5,11,0,-9,4},
  {0x0030,119,8,9,0,-9,8},
  {0x0031,128,8,9,0,-9,8},
  {0x0032,137,8,9,0,-9,8},
  {0x0033,146,8,9,0,-9,8},
  {0x0034,155,8,9,0,-9,8},
  {0x0035,164,8,9,0,-9,8},
  {0x0036,173,8,9,0,-9,8},
  {0x0037,182,8,9,0,-9,8},
  {0x0038,191,8,9,0,-9,8},
  {0x0039,200,8,9,0,-9,8},
  {0x003a,209,4,7,0,-7,4},
  {0x003b,213,4,8,0,-7,4},
  {0x003c,217,11,8,0,-8,11},
  {0x003d,228,11,6,0,-6,11},
  {0x003e,237,11,8,0,-8,11},
  {0x003f,248,7,9,0,-9,7},
  {0x0040,256,13,11,0,-9,13},
  {0x0041,274,9,9,0,-9,9},
  {0x0042,285,9,9,0,-9,9},
  {0x0043,296,9,9,0,-9,9},
  {0x0044,307,10,9,0,-9,10},
  {0x0045,319,8,9,0,-9,8},
  {0x0046,328,7,9,0,-9,7},
  {0x0047,336,10,9,0,-9,10},
  {0x0048,348,10,9,0,-9,10},
  {0x0049,360,4,9,0,-9,4},
  {0x004a,365,5,12,-1,-9,4},
  {0x004b,373,9,9,0,-9,9},
  {0x004c,384,8,9,0,-9,7},
  {0x004d,393,11,9,0,-9,11},
  {0x004e,406,10,9,0,-9,10},
  {0x004f,418,10,9,0,-9,10},
  {0x0050,430,8,9,0,-9,8},
  {0x0051,439,10,11,0,-9,10},
  {0x0052,453,9,9,0,-9,9},
  {0x0053,464,8,9,0,-9,8},
  {0x0054,473,9,9,-1,-9,8},
  {0x0055,484,10,9,0,-9,10},
  {0x0056,496,9,9,0,-9,9},
  {0x0057,507,13,9,0,-9,13},
  {0x0058,522,9,9,0,-9,9},
  {0x0059,533,9,9,-1,-9,8},
  {0x005a,544,9,9,0,-9,9},
  {0x005b,555,5,12,0,-10,5},
  {0x005c,563,5,11,0,-9,4},
  {0x005d,570,5,12,0,-10,5},
  {0x005e,578,11,9,0,-9,11},
  {0x005f,591,8,3,-1,0,6},
  {0x0060,594,7,10,0,-10,6},
  {0x0061,603,8,7,0,-7,8},
  {0x0062,610,8,11,0,-11,8},
  {0x0063,621,7,7,0,-7,7},
  {0x0064,628,8,11,0,-11,8},
  {0x0065,639,8,7,0,-7,8},
  {0x0066,646,5,11,0,-11,5},
  {0x0067,653,8,10,0,-7,8},
  {0x0068,663,8,11,0,-11,8},
  {0x0069,674,4,10,0,-10,4},
  {0x006a,679,5,13,-1,-10,4},
  {0x006b,688,8,11,0,-11,8},
  {0x006c,699,4,11,0,-11,4},
  {0x006d,705,13,7,0,-7,13},
  {0x006e,717,8,7,0,-7,8},
  {0x006f,724,8,7,0,-7,8},
  {0x0070,731,8,10,0,-7,8},
  {0x0071,741,8,10,0,-7,8},
  {0x0072,751,6,7,0,-7,5},
  {0x0073,757,7,7,0,-7,7},
  {0x0074,764,5,9,0,-9,5},
  {0x0075,770,8,7,0,-7,8},
  {0x0076,777,8,7,0,-7,8},
  {0x0077,784,11,7,0,-7,11},
  {0x0078,794,8,7,0,-7,8},
  {0x0079,801,8,10,0,-7,8},
  {0x007a,811,7,7,0,-7,7},
  {0x007b,818,8,12,0,-10,8},
  {0x007c,830,4,13,0,-10,4},
  {0x007d,837,8,12,0,-10,8},
  {0x007e,849,11,6,0,-6,11},
  {0x00b0,858,7,9,0,-9,6},
  {0x00b7,866,4,5,0,-5,4},
  {0x2191,869,11,10,0,-10,11},
  {0x2193,883,11,10,0,-9,11},
  {0x2212,897,11,5,0,-5,11},
};
static const Font font_tiny = { font_tiny_bits, font_tiny_glyphs, 100, 13, 4 };

// DejaVuSans.ttf @ 14px
static const uint8_t font_small_bits[] = {
  0x30,0xc3,0x0c,0x30,0x80,0x00,0x30,0xc0,0x69,0xa6,0x9a,0x00,0x00,0x00,0x00,0x00,0x04,0x80,0x48,0x0d,
  0x83,0xfe,0x09,0x00,0x90,0x7f,0xc1,0x20,0x12,0x01,0x20,0x08,0x04,0x0f,0x0d,0x46,0x83,0x40,0xf0,0x16,
  0x0b,0x25,0x8f,0x81,0x00,0x80,0x38,0x42,0x46,0x12,0x20,0x92,0x04,0xb7,0x1d,0x48,0x12,0x61,0x93,0x08,
  0x90,0x83,0x80,0x1c,0x06,0x40,0x80,0x18,0x03,0x80,0xd8,0x91,0xb2,0x1c,0x63,0x87,0xd8,0x66,0x66,0x00,
  0x00,0x00,0x11,0x88,0x46,0x31,0x8c,0x21,0x0c,0x20,0x61,0x0c,0x21,0x08,0x42,0x11,0x88,0xc0,0x10,0xa8,
  0xe1,0xc5,0x42,0x00,0x00,0x00,0x00,0x06,0x00,0x60,0x06,0x00,0x60,0x7f,0xc0,0x60,0x06,0x00,0x60,0x06,
  0x00,0x26,0x40,0x70,0x00,0x00,0x66,0x18,0x84,0x62,0x10,0x8c,0x42,0x31,0x00,0x1c,0x13,0x18,0xcc,0x64,
  0x32,0x19,0x8c,0xc6,0x26,0x0e,0x00,0x18,0x14,0x02,0x01,0x00,0x80,0x40,0x20,0x10,0x08,0x1f,0x80,0x3c,
  0x23,0x00,0x80,0x40,0x60,0x60,0x60,0x60,0x60,0x3f,0x80,0x3c,0x21,0x00,0xc0,0x41,0xc0,0x10,0x0c,0x06,
  0x46,0x1e,0x00,0x0e,0x07,0x05,0x86,0xc2,0x62,0x31,0xfc,0x0c,0x06,0x03,0x00,0x7e,0x30,0x18,0x0f,0x80,
  0x60,0x18,0x0c,0x06,0x46,0x1e,0x00,0x1e,0x18,0x18,0x0c,0x07,0xe3,0x19,0x8c,0xc6,0x23,0x0f,0x00,0x7f,
  0x01,0x01,0x80,0xc0,0x40,0x60,0x20,0x30,0x18,0x08,0x00,0x3e,0x31,0x98,0xc4,0x43,0xe3,0x19,0x8c,0xc6,
  0x63,0x1f,0x00,0x3c,0x31,0x10,0xc8,0x66,0x31,0xf8,0x0c,0x06,0x06,0x1e,0x00,0x21,0x00,0x00,0x10,0x80,
  0x21,0x00,0x00,0x11,0x88,0x00,0x40,0x3c,0x0e,0x03,0x80,0x38,0x00,0xe0,0x03,0xc0,0x04,0x7f,0xc0,0x00,
  0x00,0x07,0xfc,0x00,0x00,0x00,0x00,0x00,0x60,0x03,0xc0,0x0f,0x00,0x1c,0x01,0xc0,0xf0,0x3c,0x06,0x00,
  0x3c,0x88,0x10,0x61,0x82,0x04,0x00,0x10,0x20,0x07,0xc0,0x61,0x82,0x01,0x19,0xf2,0x4c,0xc9,0x21,0x24,
  0x84,0x93,0x34,0x67,0xe0,0x80,0x01,0x86,0x03,0xf0,0x0c,0x07,0x01,0x60,0x48,0x32,0x08,0xc7,0xf1,0x06,
  0x41,0xb0,0x20,0x7e,0x18,0xc6,0x11,0x8c,0x7e,0x18,0xc6,0x19,0x86,0x63,0x1f,0x80,0x1f,0x0c,0x26,0x01,
  0x80,0x40,0x10,0x06,0x01,0x80,0x30,0x87,0xc0,0x7e,0x0c,0x31,0x83,0x30,0x66,0x0c,0xc1,0x98,0x33,0x06,
  0x61,0x8f,0xc0,0x7f,0x30,0x18,0x0c,0x07,0xf3,0x01,0x80,0xc0,0x60,0x3f,0x80,0x7e,0x60,0x60,0x60,0x7e,
  0x60,0x60,0x60,0x60,0x60,0x1f,0x06,0x11,0x80,0x30,0x04,0x00,0x87,0x98,0x33,0x06,0x30,0xc3,0xf0,0x60,
  0x8c,0x11,0x82,0x30,0x47,0xf8,0xc1,0x18,0x23,0x04,0x60,0x8c,0x10,0x66,0x66,0x66,0x66,0x66,0x31,0x8c,
  0x63,0x18,0xc6,0x31,0x8c,0x4e,0x00,0x61,0x98,0xc6,0x41,0xe0,0x70,0x1e,0x06,0xc1,0x98,0x63,0x18,0x60,
  0x60,0x60,0x60,0x60,0x60,0x60,0x60,0x60,0x60,0x7f,0x70,0xe7,0x0e,0x70,0xe6,0x9e,0x69,0x66,0xf6,0x66,
  0x66,0x66,0x60,0x66,0x06,0x70,0x9c,0x27,0x89,0xa2,0x6c,0x99,0x26,0x69,0x8e,0x63,0x98,0x60,0x1f,0x06,
  0x31,0x83,0x30,0x64,0x04,0x80,0x98,0x33,0x06,0x31,0x83,0xe0,0x7e,0x63,0x63,0x63,0x63,0x7e,0x60,0x60,
  0x60,0x60,0x1f,0x06,0x31,0x83,0x30,0x64,0x04,0x80,0x98,0x33,0x06,0x31,0x83,0xe0,0x0c,0x00,0xc0,0x7e,
  0x18,0xc6,0x31,0x8c,0x63,0x1f,0x86,0x21,0x8c,0x61,0x98,0x20,0x3e,0x31,0x90,0x0c,0x03,0xc0,0x70,0x0c,
  0x02,0x43,0x1f,0x00,0x7f,0xc1,0x00,0x40,0x10,0x04,0x01,0x00,0x40,0x10,0x04,0x01,0x00,0x60,0x98,0x26,
  0x09,0x82,0x60,0x98,0x26,0x09,0x86,0x31,0x07,0x80,0xc0,0x90,0x66,0x19,0x84,0x23,0x0c,0x81,0x60,0x78,
  0x1c,0x03,0x00,0x43,0x09,0x0c,0x26,0x71,0x99,0x66,0x24,0x90,0x92,0x43,0xcb,0x0e,0x3c,0x18,0x60,0x61,
  0x80,0x61,0x88,0xc1,0x20,0x78,0x0c,0x03,0x01,0x60,0xcc,0x61,0x10,0x60,0x60,0x8c,0x61,0x30,0x68,0x0e,
  0x03,0x00,0x40,0x10,0x04,0x01,0x00,0x7f,0x80,0x60,0x30,0x18,0x0c,0x06,0x01,0x00,0xc0,0x60,0x1f,0xe0,
  0x73,0x18,0xc6,0x31,0x8c,0x63,0x18,0xe0,0x86,0x10,0x86,0x10,0x84,0x30,0x84,0x30,0x70,0x84,0x21,0x08,
  0x42,0x10,0x84,0xe0,0x06,0x00,0xf0,0x19,0x82,0x0c,0x00,0x00,0x00,0x00,0x00,0x00,0x00,0x00,0x00,0x00,
  0x00,0x1f,0xc0,0x60,0x60,0x40,0x00,0x00,0x00,0x00,0x00,0x00,0x00,0x7c,0x03,0x00,0x87,0xc6,0x22,0x11,
  0x98,0x7c,0x60,0x30,0x18,0x0f,0xc7,0x33,0x19,0x84,0xc2,0x63,0x39,0x9f,0x80,0x3c,0x62,0x40,0x40,0x40,
  0x40,0x62,0x3c,0x03,0x01,0x80,0xc7,0xe6,0x72,0x19,0x0c,0x86,0x43,0x33,0x8f,0xc0,0x3c,0x31,0x10,0xcf,
  0xe4,0x03,0x01,0x84,0x3c,0x38,0x86,0x3e,0x61,0x86,0x18,0x61,0x86,0x00,0x3f,0x33,0x90,0xc8,0x64,0x32,
  0x19,0x9c,0x7e,0x03,0x03,0x0f,0x00,0x60,0x30,0x18,0x0f,0xc6,0x23,0x19,0x8c,0xc6,0x63,0x31,0x98,0xc0,
  0x66,0x06,0x66,0x66,0x66,0x60,0x31,0x80,0x63,0x18,0xc6,0x31,0x8c,0x62,0x30,0x60,0x30,0x18,0x0c,0x46,
  0x43,0xc1,0xc0,0xf0,0x6c,0x33,0x18,0xc0,0x66,0x66,0x66,0x66,0x66,0x60,0x7e,0xe1,0x8c,0x46,0x31,0x18,
  0xc6,0x63,0x19,0x8c,0x66,0x31,0x98,0xc6,0x7e,0x31,0x18,0xcc,0x66,0x33,0x19,0x8c,0xc6,0x3c,0x33,0x10,
  0xc8,0x64,0x32,0x19,0x98,0x78,0x7e,0x39,0x98,0xcc,0x26,0x13,0x19,0xcc,0xfc,0x60,0x30,0x18,0x00,0x3f,
  0x33,0x90,0xc8,0x64,0x32,0x19,0x9c,0x7e,0x03,0x01,0x80,0xc0,0x7d,0x86,0x18,0x61,0x86,0x18,0x3c,0x89,
  0x03,0x81,0xc0,0xd1,0x1e,0x61,0x8f,0x98,0x61,0x86,0x18,0x60,0xe0,0x63,0x31,0x98,0xcc,0x66,0x33,0x19,
  0x9c,0x7e,0x43,0x42,0x62,0x26,0x24,0x34,0x1c,0x18,0x46,0x68,0xcd,0xb9,0x35,0x22,0xbc,0x73,0x8e,0x61,
  0x8c,0x62,0x26,0x3c,0x18,0x18,0x3c,0x66,0x43,0x43,0x42,0x62,0x26,0x34,0x1c,0x18,0x18,0x18,0x10,0x70,
  0x7e,0x0c,0x30,0xc3,0x04,0x10,0x3f,0x0e,0x06,0x02,0x01,0x00,0x80,0xc0,0xc0,0x30,0x08,0x04,0x02,0x01,
  0x00,0xe0,0x21,0x08,0x42,0x10,0x84,0x21,0x08,0x42,0x10,0x30,0x0c,0x02,0x01,0x00,0x80,0x60,0x18,0x18,
  0x08,0x04,0x02,0x03,0x03,0x00,0x00,0x03,0xc4,0x43,0xc0,0x00,0x00,0x00,0x00,0x38,0xd9,0xb1,0xc0,0x00,
  0x00,0x00,0x00,0x00,0x66,0x00,0x00,0x06,0x01,0xf0,0x16,0x00,0x60,0x06,0x00,0x60,0x06,0x00,0x60,0x06,
  0x00,0x60,0x06,0x00,0x60,0x06,0x00,0x60,0x06,0x00,0x60,0x06,0x01,0x60,0x1f,0x00,0x60,0x7f,0xc0,0x00,
  0x00,0x00,0x00,0x00,0x00,
};
static const Glyph font_small_glyphs[] = {
  {0x0020,0,0,0,0,0,4},
  {0x0021,0,6,10,0,-10,6},
  {0x0022,8,6,10,0,-10,6},
  {0x0023,16,12,10,0,-10,12},
  {0x0024,31,9,13,0,-11,9},
  {0x0025,46,13,10,0,-10,13},
  {0x0026,63,11,10,0,-10,11},
  {0x0027,77,4,10,0,-10,4},
  {0x0028,82,5,12,0,-11,5},
  {0x0029,90,5,12,0,-11,5},
  {0x002a,98,7,10,0,-10,7},
  {0x002b,107,12,9,0,-9,12},
  {0x002c,121,4,3,0,-2,4},
  {0x002d,123,5,4,0,-4,5},
  {0x002e,126,4,2,0,-2,4},
  {0x002f,127,5,12,0,-10,5},
  {0x0030,135,9,10,0,-10,9},
  {0x0031,147,9,10,0,-10,9},
  {0x0032,159,9,10,0,-10,9},
  {0x0033,171,9,10,0,-10,9},
  {0x0034,183,9,10,0,-10,9},
  {0x0035,195,9,10,0,-10,9},
  {0x0036,207,9,10,0,-10,9},
  {0x0037,219,9,10,0,-10,9},
  {0x0038,231,9,10,0,-10,9},
  {0x0039,243,9,10,0,-10,9},
  {0x003a,255,5,7,0,-7,5},
  {0x003b,260,5,8,0,-7,5},
  {0x003c,265,12,8,0,-8,12},
  {0x003d,277,12,7,0,-7,12},
  {0x003e,288,12,8,0,-8,12},
  {0x003f,300,7,10,0,-10,7},
  {0x0040,309,14,12,0,-10,14},
  {0x0041,330,10,10,0,-10,10},
  {0x0042,343,10,10,0,-10,10},
  {0x0043,356,10,10,0,-10,10},
  {0x0044,369,11,10,0,-10,11},
  {0x0045,383,9,10,0,-10,9},
  {0x0046,395,8,10,0,-10,8},
  {0x0047,405,11,10,0,-10,11},
  {0x0048,419,11,10,0,-10,11},
  {0x0049,433,4,10,0,-10,4},
  {0x004a,438,5,13,-1,-10,4},
  {0x004b,447,10,10,0,-10,9},
  {0x004c,460,8,10,0,-10,8},
  {0x004d,470,12,10,0,-10,12},
  {0x004e,485,10,10,0,-10,10},
  {0x004f,498,11,10,0,-10,11},
  {0x0050,512,8,10,0,-10,8},
  {0x0051,522,11,12,0,-10,11},
  {0x0052,539,10,10,0,-10,10},
  {0x0053,552,9,10,0,-10,9},
  {0x0054,564,10,10,-1,-10,9},
  {0x0055,577,10,10,0,-10,10},
  {0x0056,590,10,10,0,-10,10},
  {0x0057,603,14,10,0,-10,14},
  {0x0058,621,10,10,0,-10,10},
  {0x0059,634,10,10,-1,-10,9},
  {0x005a,647,10,10,0,-10,10},
  {0x005b,660,5,12,0,-11,5},
  {0x005c,668,5,12,0,-10,5},
  {0x005d,676,5,12,0,-11,5},
  {0x005e,684,12,10,0,-10,12},
  {0x005f,699,9,3,-1,0,7},
  {0x0060,703,7,11,0,-11,7},
  {0x0061,713,9,8,0,-8,9},
  {0x0062,722,9,11,0,-11,9},
  {0x0063,735,8,8,0,-8,8},
  {0x0064,743,9,11,0,-11,9},
  {0x0065,756,9,8,0,-8,9},
  {0x0066,765,6,11,0,-11,5},
  {0x0067,774,9,11,0,-8,9},
  {0x0068,787,9,11,0,-11,9},
  {0x0069,800,4,11,0,-11,4},
  {0x006a,806,5,14,-1,-11,4},
  {0x006b,815,9,11,0,-11,8},
  {0x006c,828,4,11,0,-11,4},
  {0x006d,834,14,8,0,-8,14},
  {0x006e,848,9,8,0,-8,9},
  {0x006f,857,9,8,0,-8,9},
  {0x0070,866,9,11,0,-8,9},
  {0x0071,879,9,11,0,-8,9},
  {0x0072,892,6,8,0,-8,6},
  {0x0073,898,7,8,0,-8,7},
  {0x0074,905,6,10,0,-10,5},
  {0x0075,913,9,8,0,-8,9},
  {0x0076,922,8,8,0,-8,8},
  {0x0077,930,11,8,0,-8,11},
  {0x0078,941,8,8,0,-8,8},
  {0x0079,949,8,11,0,-8,8},
  {0x007a,960,7,8,0,-8,7},
  {0x007b,967,9,13,0,-11,9},
  {0x007c,982,5,14,0,-11,5},
  {0x007d,991,9,13,0,-11,9},
  {0x007e,1006,12,6,0,-6,12},
  {0x00b0,1015,7,10,0,-10,7},
  {0x00b7,1024,4,6,0,-6,4},
  {0x2191,1027,12,10,0,-10,12},
  {0x2193,1042,12,10,0,-10,12},
  {0x2212,1057,12,5,0,-5,12},
};
static const Font font_small = { font_small_bits, font_small_glyphs, 100, 13, 4 };

// DejaVuSans-Bold.ttf @ 14px
static const uint8_t font_small_b_bits[] = {
  0x30,0xc3,0x0c,0x30,0xc3,0x00,0x30,0xc0,0x6c,0xd9,0xb3,0x60,0x00,0x00,0x00,0x00,0x00,0x04,0xc0,0xc8,
  0x0d,0x83,0xfe,0x19,0x01,0x90,0x7f,0xc1,0x30,0x32,0x03,0x20,0x0c,0x03,0x03,0xe1,0xf4,0x6c,0x1f,0x03,
  0xf0,0x3e,0x0f,0x93,0xe3,0xf0,0x30,0x0c,0x00,0x38,0x61,0xb3,0x0c,0xc8,0x33,0x60,0x6d,0x70,0xef,0x60,
  0x6c,0xc1,0x33,0x0c,0xd8,0x61,0xc0,0x1e,0x01,0x90,0x38,0x01,0xc0,0x3e,0x67,0xe6,0x67,0xe6,0x3c,0x73,
  0xc1,0xfe,0x66,0x66,0x00,0x00,0x00,0x18,0xe3,0x0c,0x71,0xc7,0x1c,0x30,0xc3,0x86,0x70,0xc3,0x8e,0x18,
  0x61,0x86,0x38,0xe3,0x1c,0x10,0x52,0x7e,0x38,0x7e,0x52,0x10,0x00,0x00,0x00,0x06,0x00,0x60,0x06,0x07,
  0xfc,0x7f,0xc0,0x60,0x06,0x00,0x60,0x73,0x9c,0xc6,0x00,0x79,0xe0,0x00,0x00,0x73,0x9c,0x18,0x61,0x0c,
  0x30,0xc2,0x18,0x61,0x0c,0x30,0x1e,0x0c,0xc7,0x39,0x8e,0x63,0x98,0xe6,0x39,0xce,0x33,0x07,0x80,0x1e,
  0x0b,0x80,0xe0,0x38,0x0e,0x03,0x80,0xe0,0x38,0x0e,0x0f,0xe0,0x3e,0x11,0xc0,0x30,0x0c,0x07,0x03,0x81,
  0xc0,0xe0,0x78,0x1f,0xe0,0x3e,0x11,0xc0,0x30,0x1c,0x1e,0x01,0xc0,0x38,0x0e,0x47,0x0f,0x80,0x0f,0x07,
  0xc1,0xf0,0xdc,0x67,0x19,0xc7,0xf8,0x1c,0x07,0x01,0xc0,0x7f,0x1c,0x07,0x01,0xf8,0x47,0x00,0xe0,0x38,
  0x0e,0x47,0x0f,0x80,0x1f,0x0c,0x47,0x01,0xf8,0x73,0x1c,0xe7,0x39,0xce,0x33,0x07,0x80,0x7f,0x80,0xe0,
  0x70,0x1c,0x0e,0x03,0x81,0xc0,0x70,0x18,0x0e,0x00,0x3f,0x1c,0xc7,0x39,0xcc,0x3e,0x1c,0xc6,0x39,0x8e,
  0x73,0x8f,0x80,0x1e,0x1d,0xc6,0x39,0x8e,0x63,0x9d,0xe3,0xf8,0x0c,0x47,0x0f,0x00,0x71,0xc7,0x00,0x01,
  0xc7,0x1c,0x71,0xc7,0x00,0x01,0xc7,0x1c,0x61,0x80,0x00,0x40,0x3c,0x1f,0x07,0x80,0x78,0x01,0xf0,0x03,
  0xc0,0x04,0x7f,0xc7,0xfc,0x00,0x00,0x00,0x7f,0xc7,0xfc,0x00,0x00,0x00,0x60,0x03,0xc0,0x0f,0x80,0x3c,
  0x03,0xc0,0xf8,0x3c,0x06,0x00,0x3c,0x4e,0x06,0x0e,0x1c,0x18,0x38,0x00,0x38,0x38,0x07,0xc0,0x61,0x83,
  0x01,0x19,0xf6,0x6c,0xc9,0x33,0x24,0xcd,0x9b,0x34,0x67,0xe0,0xc0,0x01,0x86,0x03,0xf0,0x0e,0x03,0xe0,
  0x7c,0x1d,0x83,0xb8,0x63,0x1f,0xf3,0x06,0x60,0xdc,0x1c,0x7f,0x0e,0x71,0xc6,0x39,0xc7,0xf0,0xe7,0x1c,
  0x73,0x8e,0x73,0x8f,0xe0,0x1f,0x8e,0x27,0x01,0xc0,0x70,0x1c,0x07,0x01,0xc0,0x38,0x87,0xe0,0x7f,0x07,
  0x1c,0x70,0xc7,0x0e,0x70,0xe7,0x0e,0x70,0xe7,0x1c,0x71,0xc7,0xf0,0x7f,0x1c,0x07,0x01,0xc0,0x7f,0x1c,
  0x07,0x01,0xc0,0x70,0x1f,0xe0,0x7f,0x1c,0x07,0x01,0xc0,0x7f,0x1c,0x07,0x01,0xc0,0x70,0x1c,0x00,0x1f,
  0xc7,0x09,0xc0,0x38,0x07,0x3e,0xe1,0xdc,0x3b,0x87,0x38,0xe3,0xf8,0x70,0xe7,0x0e,0x70,0xe7,0x0e,0x7f,
  0xe7,0x0e,0x70,0xe7,0x0e,0x70,0xe7,0x0e,0x73,0x9c,0xe7,0x39,0xce,0x73,0x80,0x38,0xe3,0x8e,0x38,0xe3,
  0x8e,0x38,0xe3,0x8e,0xf0,0x71,0xc7,0x38,0x77,0x07,0xe0,0x7c,0x07,0xe0,0x7f,0x07,0x78,0x73,0xc7,0x1e,
  0x70,0x38,0x1c,0x0e,0x07,0x03,0x81,0xc0,0xe0,0x70,0x3f,0xc0,0x78,0x79,0xe1,0xe7,0xcf,0x9f,0x3e,0x77,
  0xb9,0xde,0xe7,0x7b,0x9c,0xce,0x70,0x39,0xc0,0xe0,0x78,0xe7,0x8e,0x7c,0xe7,0xce,0x7e,0xe7,0x6e,0x73,
  0xe7,0x3e,0x71,0xe7,0x1e,0x1f,0x83,0x9c,0x70,0xe7,0x0e,0x70,0xe7,0x0e,0x70,0xe7,0x0e,0x39,0xc1,0xf8,
  0x7f,0x1c,0xe7,0x1d,0xc7,0x71,0xdc,0xe7,0xf1,0xc0,0x70,0x1c,0x00,0x1f,0x83,0x9c,0x70,0xe7,0x0e,0x70,
  0xe7,0x0e,0x70,0xe7,0x0e,0x39,0xc1,0xf8,0x01,0x80,0x1c,0x7f,0x0e,0x71,0xce,0x39,0xc7,0x38,0xfe,0x1c,
  0xe3,0x9c,0x71,0xce,0x38,0x3f,0x1c,0x47,0x01,0xe0,0x7f,0x0f,0xe0,0x78,0x0e,0x63,0x9f,0xc0,0xff,0xc7,
  0x01,0xc0,0x70,0x1c,0x07,0x01,0xc0,0x70,0x1c,0x07,0x00,0x71,0xce,0x39,0xc7,0x38,0xe7,0x1c,0xe3,0x9c,
  0x73,0x8e,0x39,0xc3,0xe0,0xe0,0xec,0x19,0xc7,0x38,0xe3,0x38,0x77,0x0e,0xc0,0xf8,0x1f,0x01,0xc0,0xe3,
  0x8e,0xc7,0x1d,0xcf,0x33,0x9e,0x67,0x6d,0xc6,0xdb,0x8f,0x9f,0x1f,0x3c,0x3c,0x78,0x38,0xf0,0x71,0xce,
  0x30,0xee,0x0f,0x81,0xe0,0x3c,0x07,0xc1,0xdc,0x71,0xcc,0x38,0x70,0xe3,0x9c,0x39,0xc1,0xf8,0x0f,0x00,
  0xf0,0x06,0x00,0x60,0x06,0x00,0x60,0x7f,0x80,0xe0,0x78,0x3c,0x1e,0x07,0x83,0xc1,0xe0,0x70,0x1f,0xf0,
  0x7d,0xc7,0x1c,0x71,0xc7,0x1c,0x71,0xc7,0x1f,0xc3,0x04,0x18,0x60,0x83,0x0c,0x30,0x41,0x86,0x78,0x61,
  0x86,0x18,0x61,0x86,0x18,0x61,0x9e,0x06,0x00,0xf0,0x19,0x83,0x0c,0x00,0x00,0x00,0x00,0x00,0x00,0x00,
  0x00,0x00,0x00,0x03,0xf8,0x60,0x60,0x40,0x00,0x00,0x00,0x00,0x00,0x00,0x00,0x7e,0x03,0x80,0xc7,0xe7,
  0x33,0x19,0x9c,0x7e,0x70,0x1c,0x07,0x01,0xfc,0x73,0x9c,0x67,0x19,0xc6,0x71,0x9c,0xe7,0xf0,0x1e,0x70,
  0x60,0x60,0x60,0x60,0x70,0x3e,0x03,0x80,0xe0,0x38,0xfe,0x73,0x98,0xe6,0x39,0x8e,0x63,0x9c,0xe3,0xf8,
  0x3e,0x1c,0xc6,0x39,0xfe,0x60,0x18,0x07,0x10,0xf8,0x3c,0x61,0xc7,0xe7,0x0e,0x1c,0x38,0x70,0xe1,0xc0,
  0x3f,0x9c,0xe6,0x39,0x8e,0x63,0x98,0xe7,0x38,0xfe,0x03,0x89,0xc3,0xe0,0x70,0x1c,0x07,0x01,0xfc,0x73,
  0x9c,0xe7,0x39,0xce,0x73,0x9c,0xe7,0x38,0x73,0x80,0xe7,0x39,0xce,0x73,0x9c,0x38,0xe0,0x0e,0x38,0xe3,
  0x8e,0x38,0xe3,0x8e,0x33,0xc0,0x70,0x1c,0x07,0x01,0xce,0x77,0x1f,0x87,0xc1,0xf0,0x7e,0x1d,0xc7,0x38,
  0x73,0x9c,0xe7,0x39,0xce,0x73,0x9c,0x7f,0x78,0xe7,0x31,0xce,0x73,0x9c,0xe7,0x39,0xce,0x73,0x9c,0xe7,
  0x39,0xce,0x7f,0x1c,0xe7,0x39,0xce,0x73,0x9c,0xe7,0x39,0xce,0x3e,0x1c,0xc6,0x39,0x8e,0x63,0x98,0xe7,
  0x30,0xf8,0x7f,0x1c,0xe7,0x19,0xc6,0x71,0x9c,0x67,0x39,0xfc,0x70,0x1c,0x07,0x00,0x3f,0x9c,0xe6,0x39,
  0x8e,0x63,0x98,0xe7,0x38,0xfe,0x03,0x80,0xe0,0x38,0x7e,0xe1,0xc3,0x87,0x0e,0x1c,0x38,0x3c,0x62,0x60,
  0x7e,0x3f,0x07,0x46,0x3e,0x70,0xe3,0xf3,0x87,0x0e,0x1c,0x38,0x70,0x78,0x73,0x9c,0xe7,0x39,0xce,0x73,
  0x9c,0xe7,0x38,0xfe,0xe3,0xb1,0x9c,0xce,0xe3,0x61,0xf0,0x78,0x38,0x67,0x33,0x39,0x9d,0xdc,0xee,0xe3,
  0xde,0x1e,0xf0,0xf7,0x87,0x1c,0x63,0x3b,0x8f,0x83,0x81,0xc1,0xf1,0xdd,0xc7,0xe3,0xb1,0x9c,0xc6,0xe3,
  0x61,0xf0,0x78,0x38,0x1c,0x0e,0x1e,0x00,0x7f,0x0f,0x1e,0x1c,0x3c,0x78,0x70,0x7f,0x07,0x03,0x80,0xc0,
  0x30,0x0c,0x07,0x03,0x80,0x70,0x0c,0x03,0x00,0xc0,0x38,0x07,0x00,0x21,0x08,0x42,0x10,0x84,0x21,0x08,
  0x42,0x10,0x38,0x07,0x00,0xc0,0x30,0x0c,0x03,0x80,0x70,0x38,0x0c,0x03,0x00,0xc0,0x70,0x38,0x00,0x00,
  0x03,0xc4,0x7f,0xc4,0x38,0x00,0x00,0x00,0x00,0x00,0x38,0xd9,0x13,0x63,0x80,0x00,0x00,0x00,0x00,0x73,
  0x9c,0x00,0x00,0x06,0x01,0xf0,0x17,0x80,0x60,0x06,0x00,0x60,0x06,0x00,0x60,0x06,0x00,0x60,0x06,0x00,
  0x60,0x06,0x00,0x60,0x06,0x00,0x60,0x06,0x01,0x78,0x1f,0x00,0x60,0x7f,0xc7,0xfc,0x00,0x00,0x00,0x00,
  0x00,
};
static const Glyph font_small_b_glyphs[] = {
  {0x0020,0,0,0,0,0,5},
  {0x0021,0,6,10,0,-10,6},
  {0x0022,8,7,10,0,-10,7},
  {0x0023,17,12,10,0,-10,12},
  {0x0024,32,10,13,0,-11,10},
  {0x0025,49,14,10,0,-10,14},
  {0x0026,67,12,10,0,-10,12},
  {0x0027,82,4,10,0,-10,4},
  {0x0028,87,6,12,0,-11,6},
  {0x0029,96,6,12,0,-11,6},
  {0x002a,105,8,10,0,-10,7},
  {0x002b,115,12,8,0,-8,12},
  {0x002c,127,5,5,0,-3,5},
  {0x002d,131,6,5,0,-5,6},
  {0x002e,135,5,3,0,-3,5},
  {0x002f,137,6,12,0,-10,5},
  {0x0030,146,10,10,0,-10,10},
  {0x0031,159,10,10,0,-10,10},
  {0x0032,172,10,10,0,-10,10},
  {0x0033,185,10,10,0,-10,10},
  {0x0034,198,10,10,0,-10,10},
  {0x0035,211,10,10,0,-10,10},
  {0x0036,224,10,10,0,-10,10},
  {0x0037,237,10,10,0,-10,10},
  {0x0038,250,10,10,0,-10,10},
  {0x0039,263,10,10,0,-10,10},
  {0x003a,276,6,8,0,-8,6},
  {0x003b,282,6,10,0,-8,6},
  {0x003c,290,12,8,0,-8,12},
  {0x003d,302,12,8,0,-8,12},
  {0x003e,314,12,8,0,-8,12},
  {0x003f,326,8,10,0,-10,8},
  {0x0040,336,14,12,0,-10,14},
  {0x0041,357,11,10,0,-10,11},
  {0x0042,371,11,10,0,-10,11},
  {0x0043,385,10,10,0,-10,10},
  {0x0044,398,12,10,0,-10,12},
  {0x0045,413,10,10,0,-10,10},
  {0x0046,426,10,10,0,-10,10},
  {0x0047,439,11,10,0,-10,11},
  {0x0048,453,12,10,0,-10,12},
  {0x0049,468,5,10,0,-10,5},
  {0x004a,475,6,13,-1,-10,5},
  {0x004b,485,12,10,0,-10,11},
  {0x004c,500,9,10,0,-10,9},
  {0x004d,512,14,10,0,-10,14},
  {0x004e,530,12,10,0,-10,12},
  {0x004f,545,12,10,0,-10,12},
  {0x0050,560,10,10,0,-10,10},
  {0x0051,573,12,12,0,-10,12},
  {0x0052,591,11,10,0,-10,11},
  {0x0053,605,10,10,0,-10,10},
  {0x0054,618,10,10,0,-10,10},
  {0x0055,631,11,10,0,-10,11},
  {0x0056,645,11,10,0,-10,11},
  {0x0057,659,15,10,0,-10,15},
  {0x0058,678,11,10,0,-10,11},
  {0x0059,692,12,10,-1,-10,10},
  {0x005a,707,10,10,0,-10,10},
  {0x005b,720,6,12,0,-11,6},
  {0x005c,729,6,12,0,-10,5},
  {0x005d,738,6,12,0,-11,6},
  {0x005e,747,12,10,0,-10,12},
  {0x005f,762,7,3,0,0,7},
  {0x0060,765,7,11,0,-11,7},
  {0x0061,775,9,8,0,-8,9},
  {0x0062,784,10,11,0,-11,10},
  {0x0063,798,8,8,0,-8,8},
  {0x0064,806,10,11,0,-11,10},
  {0x0065,820,10,8,0,-8,10},
  {0x0066,830,7,11,0,-11,6},
  {0x0067,840,10,11,0,-8,10},
  {0x0068,854,10,11,0,-11,10},
  {0x0069,868,5,11,0,-11,5},
  {0x006a,875,6,14,-1,-11,5},
  {0x006b,886,10,11,0,-11,9},
  {0x006c,900,5,11,0,-11,5},
  {0x006d,907,15,8,0,-8,15},
  {0x006e,922,10,8,0,-8,10},
  {0x006f,932,10,8,0,-8,10},
  {0x0070,942,10,11,0,-8,10},
  {0x0071,956,10,11,0,-8,10},
  {0x0072,970,7,8,0,-8,7},
  {0x0073,977,8,8,0,-8,8},
  {0x0074,985,7,10,0,-10,7},
  {0x0075,994,10,8,0,-8,10},
  {0x0076,1004,9,8,0,-8,9},
  {0x0077,1013,13,8,0,-8,13},
  {0x0078,1026,9,8,0,-8,9},
  {0x0079,1035,9,11,0,-8,9},
  {0x007a,1048,8,8,0,-8,8},
  {0x007b,1056,10,13,0,-11,10},
  {0x007c,1073,5,14,0,-11,5},
  {0x007d,1082,10,13,0,-11,10},
  {0x007e,1099,12,7,0,-7,12},
  {0x00b0,1110,7,10,0,-10,7},
  {0x00b7,1119,5,6,0,-6,5},
  {0x2191,1123,12,10,0,-10,12},
  {0x2193,1138,12,10,0,-10,12},
  {0x2212,1153,12,5,0,-5,12},
};
static const Font font_small_b = { font_small_b_bits, font_small_b_glyphs, 100, 13, 4 };

// DejaVuSans.ttf @ 17px
static const uint8_t font_body_bits[] = {
  0x30,0x60,0xc1,0x83,0x02,0x04,0x08,0x00,0x00,0xc1,0x80,0x24,0x24,0x24,0x24,0x24,0x00,0x00,0x00,0x00,
  0x00,0x00,0x00,0x02,0x20,0x09,0x80,0x66,0x0f,0xfe,0x04,0x40,0x13,0x00,0xcc,0x1f,0xfc,0x09,0x80,0x66,
  0x01,0x90,0x00,0x04,0x00,0x80,0x7c,0x1a,0xc6,0x40,0xc8,0x0f,0x00,0xf8,0x07,0x80,0x90,0x12,0x32,0xc3,
  0xf0,0x08,0x01,0x00,0x20,0x38,0x10,0x64,0x30,0x46,0x20,0x46,0x40,0x46,0xc0,0x64,0x9c,0x39,0x36,0x03,
  0x22,0x02,0x62,0x06,0x22,0x0c,0x36,0x08,0x1c,0x0f,0x00,0xcc,0x0c,0x00,0x20,0x01,0x80,0x1a,0x19,0x98,
  0xcc,0x66,0x61,0xe3,0x07,0x0c,0x78,0x3e,0x60,0x21,0x08,0x42,0x00,0x00,0x00,0x00,0x00,0x08,0x30,0x41,
  0x83,0x04,0x18,0x30,0x60,0x40,0xc1,0x81,0x03,0x02,0x00,0x20,0x60,0xc0,0x81,0x83,0x06,0x0c,0x18,0x30,
  0x60,0x83,0x06,0x08,0x00,0x08,0x04,0x12,0xc7,0x83,0xc2,0x58,0x20,0x10,0x00,0x00,0x00,0x00,0x00,0x03,
  0x00,0x0c,0x00,0x30,0x00,0xc0,0x03,0x00,0xff,0xe3,0xff,0x80,0xc0,0x03,0x00,0x0c,0x00,0x30,0x00,0xc0,
  0x31,0x88,0xc0,0x79,0xe0,0x00,0x00,0x00,0x31,0x80,0x0c,0x21,0x86,0x10,0x43,0x08,0x21,0x86,0x10,0xc3,
  0x00,0x1f,0x06,0x30,0x86,0x30,0x46,0x0c,0xc1,0x98,0x33,0x06,0x60,0x84,0x30,0xc6,0x0f,0x80,0x1e,0x06,
  0xc0,0x18,0x03,0x00,0x60,0x0c,0x01,0x80,0x30,0x06,0x00,0xc0,0x18,0x1f,0xc0,0x3e,0x0c,0x61,0x06,0x00,
  0xc0,0x18,0x06,0x01,0xc0,0x30,0x0c,0x03,0x00,0xc0,0x3f,0xc0,0x1f,0x04,0x30,0x06,0x00,0xc0,0x18,0x3e,
  0x00,0x60,0x0c,0x00,0x80,0x31,0x0e,0x1f,0x80,0x03,0x00,0xe0,0x3c,0x0d,0x81,0xb0,0x66,0x18,0xc3,0x18,
  0x7f,0xc0,0x60,0x0c,0x01,0x80,0x3f,0x04,0x00,0x80,0x10,0x03,0xe0,0x47,0x00,0x60,0x0c,0x01,0x80,0x31,
  0x0e,0x1f,0x00,0x0f,0x03,0x10,0xc0,0x10,0x06,0xf0,0xe3,0x1c,0x33,0x06,0x60,0xc6,0x18,0xc6,0x0f,0x80,
  0x7f,0x80,0x30,0x06,0x01,0x80,0x30,0x06,0x01,0x80,0x30,0x0c,0x01,0x80,0x30,0x0c,0x00,0x1f,0x06,0x31,
  0x82,0x30,0x43,0x18,0x3e,0x0c,0x63,0x06,0x60,0xcc,0x18,0xc6,0x0f,0x80,0x1e,0x06,0x61,0x86,0x30,0x46,
  0x0c,0xc3,0x8c,0xf0,0xf6,0x00,0x80,0x30,0x8c,0x0f,0x00,0x30,0xc0,0x00,0x00,0x00,0x0c,0x30,0x30,0xc0,
  0x00,0x00,0x00,0x0c,0x30,0x86,0x00,0x00,0x10,0x03,0xc0,0x7c,0x0f,0x80,0x38,0x00,0xf8,0x00,0x7c,0x00,
  0x3c,0x00,0x10,0x00,0x00,0x3f,0xf8,0xff,0xe0,0x00,0x00,0x00,0x3f,0xf8,0xff,0xe0,0x00,0x00,0x00,0x20,
  0x00,0xf0,0x00,0xf8,0x00,0x7c,0x00,0x38,0x07,0xc0,0xf8,0x0f,0x00,0x20,0x00,0x00,0x00,0x3e,0x23,0x80,
  0xc0,0x60,0x60,0x60,0x60,0x30,0x18,0x00,0x06,0x03,0x00,0x03,0xf0,0x06,0x0c,0x06,0x01,0x06,0x00,0x42,
  0x3d,0x33,0x11,0x99,0x18,0xc4,0x88,0x26,0x46,0x32,0x31,0x1b,0x08,0xf6,0x06,0x00,0x01,0x80,0x00,0x60,
  0xc0,0x0f,0xc0,0x06,0x00,0xe0,0x0b,0x01,0x90,0x19,0x81,0x18,0x30,0x83,0xfc,0x60,0x46,0x06,0x40,0x6c,
  0x02,0x3f,0x02,0x1c,0x20,0xc2,0x0c,0x21,0xc3,0xf8,0x20,0xc2,0x0c,0x20,0x42,0x0c,0x20,0xc3,0xf8,0x0f,
  0xc1,0x86,0x30,0x26,0x00,0x60,0x06,0x00,0x60,0x06,0x00,0x60,0x03,0x02,0x18,0x60,0xfc,0x3f,0x81,0x06,
  0x08,0x18,0x40,0x62,0x03,0x10,0x18,0x80,0xc4,0x06,0x20,0x31,0x03,0x08,0x30,0x7f,0x00,0x3f,0xc4,0x00,
  0x80,0x10,0x02,0x00,0x7f,0x08,0x01,0x00,0x20,0x04,0x00,0x80,0x1f,0xe0,0x3f,0x88,0x02,0x00,0x80,0x20,
  0x0f,0xc2,0x00,0x80,0x20,0x08,0x02,0x00,0x80,0x0f,0xc0,0xc3,0x8c,0x00,0xc0,0x06,0x00,0x30,0x01,0x87,
  0xcc,0x06,0x60,0x31,0x81,0x86,0x0c,0x1f,0xc0,0x20,0x61,0x03,0x08,0x18,0x40,0xc2,0x06,0x1f,0xf0,0x81,
  0x84,0x0c,0x20,0x61,0x03,0x08,0x18,0x40,0xc0,0x21,0x08,0x42,0x10,0x84,0x21,0x08,0x40,0x10,0x41,0x04,
  0x10,0x41,0x04,0x10,0x41,0x04,0x30,0xce,0x00,0x20,0xe2,0x18,0x23,0x02,0x60,0x3c,0x03,0x80,0x3c,0x02,
  0x60,0x23,0x02,0x18,0x20,0xc2,0x06,0x20,0x08,0x02,0x00,0x80,0x20,0x08,0x02,0x00,0x80,0x20,0x08,0x02,
  0x00,0xfe,0x30,0x38,0x70,0x70,0xe1,0xe1,0x63,0xc2,0xc5,0x84,0x9b,0x09,0xb6,0x13,0x4c,0x23,0x98,0x46,
  0x30,0x80,0x61,0x00,0xc0,0x30,0x61,0xc3,0x0e,0x18,0x58,0xc2,0x46,0x13,0x30,0x8d,0x84,0x6c,0x21,0xe1,
  0x0f,0x08,0x38,0x41,0xc0,0x0f,0x80,0xc7,0x0c,0x0c,0xc0,0x66,0x03,0x30,0x09,0x80,0x4c,0x06,0x60,0x31,
  0x81,0x86,0x38,0x1f,0x00,0x3f,0x08,0x62,0x0c,0x83,0x20,0xc8,0x63,0xf0,0x80,0x20,0x08,0x02,0x00,0x80,
  0x0f,0x80,0xc7,0x0c,0x0c,0xc0,0x66,0x03,0x30,0x09,0x80,0x4c,0x06,0x60,0x31,0x81,0x86,0x38,0x1f,0x80,
  0x0c,0x00,0x30,0x3f,0x02,0x18,0x20,0xc2,0x0c,0x20,0xc2,0x18,0x3f,0x02,0x18,0x20,0xc2,0x0c,0x20,0x62,
  0x06,0x1f,0x06,0x31,0x82,0x30,0x06,0x00,0x7c,0x01,0xe0,0x0e,0x00,0xc8,0x19,0x86,0x1f,0x80,0x7f,0xf0,
  0x60,0x06,0x00,0x60,0x06,0x00,0x60,0x06,0x00,0x60,0x06,0x00,0x60,0x06,0x00,0x60,0x60,0x66,0x06,0x60,
  0x66,0x06,0x60,0x66,0x06,0x60,0x66,0x06,0x60,0x63,0x06,0x38,0xc0,0xf8,0xc0,0x66,0x06,0x60,0x66,0x0c,
  0x30,0xc3,0x08,0x11,0x81,0x98,0x1b,0x00,0xf0,0x0e,0x00,0x60,0x41,0xc3,0x30,0xe1,0x98,0x70,0xcc,0x68,
  0x42,0x36,0x61,0x93,0x30,0xc8,0x98,0x6c,0x48,0x1e,0x3c,0x0e,0x1e,0x07,0x07,0x03,0x83,0x00,0x60,0x63,
  0x0c,0x19,0x81,0xb0,0x0f,0x00,0x60,0x0e,0x00,0xf0,0x19,0x83,0x08,0x60,0xc6,0x06,0x60,0x63,0x04,0x18,
  0xc1,0x98,0x0f,0x00,0x70,0x06,0x00,0x60,0x06,0x00,0x60,0x06,0x00,0x60,0x7f,0xe0,0x0e,0x01,0xc0,0x18,
  0x03,0x00,0x60,0x0e,0x01,0xc0,0x38,0x03,0x00,0x60,0x07,0xfe,0x78,0xc1,0x83,0x06,0x0c,0x18,0x30,0x60,
  0xc1,0x83,0x06,0x0c,0x1e,0x00,0xc3,0x04,0x18,0x60,0x82,0x0c,0x10,0x41,0x86,0x08,0x30,0x38,0x10,0x20,
  0x40,0x81,0x02,0x04,0x08,0x10,0x20,0x40,0x81,0x0e,0x00,0x03,0x00,0x1e,0x00,0xcc,0x06,0x18,0x30,0x30,
  0x00,0x00,0x00,0x00,0x00,0x00,0x00,0x00,0x00,0x00,0x00,0x00,0x00,0x00,0x00,0x01,0xff,0x30,0x08,0x02,
  0x00,0x00,0x00,0x00,0x00,0x00,0x00,0x00,0x00,0x00,0x00,0x00,0x00,0x3e,0x00,0xc0,0x18,0xfe,0x61,0x98,
  0x66,0x19,0x8e,0x3d,0x80,0x60,0x0c,0x01,0x80,0x30,0x06,0xf0,0xe3,0x1c,0x33,0x06,0x60,0xcc,0x19,0xc3,
  0x38,0xc6,0xf0,0x1f,0x18,0x98,0x0c,0x06,0x03,0x01,0x80,0x62,0x1f,0x00,0x00,0x80,0x10,0x02,0x00,0x41,
  0xe8,0x67,0x18,0x63,0x04,0x60,0x8c,0x11,0x86,0x19,0xc1,0xe8,0x1f,0x0c,0x66,0x09,0x83,0x7f,0xd8,0x06,
  0x00,0xc2,0x1f,0x00,0x1c,0x60,0x81,0x0f,0xc4,0x08,0x10,0x20,0x40,0x81,0x02,0x00,0x1e,0x86,0x71,0x86,
  0x30,0x46,0x08,0xc1,0x18,0x61,0x9c,0x1e,0x80,0x10,0x06,0x11,0x81,0xe0,0x60,0x0c,0x01,0x80,0x30,0x06,
  0xf0,0xe3,0x1c,0x63,0x04,0x60,0x8c,0x11,0x82,0x30,0x46,0x08,0x21,0x00,0x02,0x10,0x84,0x21,0x08,0x42,
  0x00,0x10,0x40,0x00,0x10,0x41,0x04,0x10,0x41,0x04,0x10,0x43,0x0c,0x60,0x60,0x18,0x06,0x01,0x80,0x61,
  0x98,0xc6,0x61,0xf0,0x78,0x1b,0x06,0x61,0x8c,0x61,0x80,0x21,0x08,0x42,0x10,0x84,0x21,0x08,0x42,0x00,
  0x6f,0x3c,0x38,0xe3,0x1c,0x71,0x8c,0x30,0xc6,0x18,0x23,0x0c,0x11,0x86,0x08,0xc3,0x04,0x61,0x82,0x00,
  0x6f,0x0e,0x31,0xc6,0x30,0x46,0x08,0xc1,0x18,0x23,0x04,0x60,0x80,0x1e,0x0c,0xe6,0x19,0x82,0x60,0xd8,
  0x26,0x18,0xc6,0x1e,0x00,0x6f,0x0e,0x31,0xc3,0x30,0x66,0x0c,0xc1,0x9c,0x33,0x8c,0x6f,0x0c,0x01,0x80,
  0x30,0x06,0x00,0x1e,0x86,0x71,0x86,0x30,0x46,0x08,0xc1,0x18,0x61,0x9c,0x1e,0x80,0x10,0x02,0x00,0x40,
  0x08,0x6e,0xe1,0xc3,0x06,0x0c,0x18,0x30,0x60,0x3e,0x31,0x98,0x0c,0x03,0xe0,0x38,0x0c,0x86,0x3e,0x00,
  0x20,0x40,0x87,0xe2,0x04,0x08,0x10,0x20,0x40,0xc1,0xe0,0x60,0x8c,0x11,0x82,0x30,0x46,0x08,0xc1,0x08,
  0x61,0x9c,0x1c,0x80,0x40,0x98,0x66,0x18,0xc4,0x33,0x04,0x81,0xe0,0x78,0x0c,0x00,0x43,0x19,0x8c,0x66,
  0x79,0x89,0xe4,0x34,0xb0,0xf2,0xc3,0xcf,0x06,0x38,0x18,0x60,0x61,0x8c,0xc1,0xa0,0x78,0x0c,0x07,0x83,
  0x30,0xcc,0x61,0x80,0x40,0x98,0x66,0x18,0xcc,0x33,0x04,0x81,0xe0,0x38,0x0c,0x03,0x00,0xc0,0x60,0x70,
  0x00,0x7f,0x01,0x81,0x81,0x81,0xc0,0xc0,0xc0,0xc0,0x7f,0x00,0x03,0x80,0xc0,0x10,0x02,0x00,0x40,0x08,
  0x03,0x01,0xc0,0x0c,0x00,0x80,0x10,0x02,0x00,0x40,0x08,0x01,0x80,0x1c,0x30,0xc3,0x0c,0x30,0xc3,0x0c,
  0x30,0xc3,0x0c,0x30,0xc3,0x0c,0x30,0x38,0x01,0x80,0x30,0x02,0x00,0x40,0x08,0x01,0x80,0x1c,0x06,0x00,
  0x80,0x10,0x02,0x00,0x40,0x18,0x03,0x01,0xc0,0x00,0x00,0x78,0x63,0xff,0x08,0x78,0x00,0x00,0x00,0x00,
  0x00,0x00,0x00,0x1c,0x13,0x08,0x84,0xc1,0xc0,0x00,0x00,0x00,0x00,0x00,0x00,0x00,0x00,0x31,0x80,0x00,
  0x00,0x00,0x03,0x00,0x1e,0x00,0xfc,0x02,0xd0,0x03,0x00,0x0c,0x00,0x30,0x00,0xc0,0x03,0x00,0x0c,0x00,
  0x30,0x00,0xc0,0x03,0x00,0x0c,0x00,0x30,0x00,0xc0,0x03,0x00,0x0c,0x00,0x30,0x00,0xc0,0x0b,0x40,0x3f,
  0x00,0x78,0x00,0xc0,0x3f,0xf8,0xff,0xe0,0x00,0x00,0x00,0x00,0x00,0x00,0x00,0x00,0x00,
};
static const Glyph font_body_glyphs[] = {
  {0x0020,0,0,0,0,0,5},
  {0x0021,0,7,12,0,-12,7},
  {0x0022,11,8,12,0,-12,8},
  {0x0023,23,14,11,0,-11,14},
  {0x0024,43,11,16,0,-13,11},
  {0x0025,65,16,12,0,-12,16},
  {0x0026,89,13,12,0,-12,13},
  {0x0027,109,5,12,0,-12,5},
  {0x0028,117,7,15,0,-13,7},
  {0x0029,131,7,15,0,-13,7},
  {0x002a,145,9,12,0,-12,8},
  {0x002b,159,14,12,0,-12,14},
  {0x002c,180,5,4,0,-2,5},
  {0x002d,183,6,6,0,-6,6},
  {0x002e,188,5,2,0,-2,5},
  {0x002f,190,6,14,0,-12,6},
  {0x0030,201,11,12,0,-12,11},
  {0x0031,218,11,12,0,-12,11},
  {0x0032,235,11,12,0,-12,11},
  {0x0033,252,11,12,0,-12,11},
  {0x0034,269,11,12,0,-12,11},
  {0x0035,286,11,12,0,-12,11},
  {0x0036,303,11,12,0,-12,11},
  {0x0037,320,11,12,0,-12,11},
  {0x0038,337,11,12,0,-12,11},
  {0x0039,354,11,12,0,-12,11},
  {0x003a,371,6,9,0,-9,6},
  {0x003b,378,6,11,0,-9,6},
  {0x003c,387,14,10,0,-10,14},
  {0x003d,405,14,8,0,-8,14},
  {0x003e,419,14,10,0,-10,14},
  {0x003f,437,9,12,0,-12,9},
  {0x0040,451,17,15,0,-12,17},
  {0x0041,483,12,12,0,-12,12},
  {0x0042,501,12,12,0,-12,12},
  {0x0043,519,12,12,0,-12,12},
  {0x0044,537,13,12,0,-12,13},
  {0x0045,557,11,12,0,-12,11},
  {0x0046,574,10,12,0,-12,10},
  {0x0047,589,13,12,0,-12,13},
  {0x0048,609,13,12,0,-12,13},
  {0x0049,629,5,12,0,-12,5},
  {0x004a,637,6,15,-1,-12,5},
  {0x004b,649,12,12,0,-12,11},
  {0x004c,667,10,12,0,-12,9},
  {0x004d,682,15,12,0,-12,15},
  {0x004e,705,13,12,0,-12,13},
  {0x004f,725,13,12,0,-12,13},
  {0x0050,745,10,12,0,-12,10},
  {0x0051,760,13,14,0,-12,13},
  {0x0052,783,12,12,0,-12,12},
  {0x0053,801,11,12,0,-12,11},
  {0x0054,818,12,12,-1,-12,10},
  {0x0055,836,12,12,0,-12,12},
  {0x0056,854,12,12,0,-12,12},
  {0x0057,872,17,12,0,-12,17},
  {0x0058,898,12,12,0,-12,12},
  {0x0059,916,12,12,-1,-12,10},
  {0x005a,934,12,12,0,-12,12},
  {0x005b,952,7,15,0,-13,7},
  {0x005c,966,6,14,0,-12,6},
  {0x005d,977,7,15,0,-13,7},
  {0x005e,991,14,12,0,-12,14},
  {0x005f,1012,10,4,-1,0,8},
  {0x0060,1017,9,14,0,-14,8},
  {0x0061,1033,10,9,0,-9,10},
  {0x0062,1045,11,13,0,-13,11},
  {0x0063,1063,9,9,0,-9,9},
  {0x0064,1074,11,13,0,-13,11},
  {0x0065,1092,10,9,0,-9,10},
  {0x0066,1104,7,13,0,-13,6},
  {0x0067,1116,11,13,0,-9,11},
  {0x0068,1134,11,13,0,-13,11},
  {0x0069,1152,5,13,0,-13,5},
  {0x006a,1161,6,17,-1,-13,5},
  {0x006b,1174,10,13,0,-13,10},
  {0x006c,1191,5,13,0,-13,5},
  {0x006d,1200,17,9,0,-9,17},
  {0x006e,1220,11,9,0,-9,11},
  {0x006f,1233,10,9,0,-9,10},
  {0x0070,1245,11,13,0,-9,11},
  {0x0071,1263,11,13,0,-9,11},
  {0x0072,1281,7,9,0,-9,7},
  {0x0073,1289,9,9,0,-9,9},
  {0x0074,1300,7,12,0,-12,7},
  {0x0075,1311,11,9,0,-9,11},
  {0x0076,1324,10,9,0,-9,10},
  {0x0077,1336,14,9,0,-9,14},
  {0x0078,1352,10,9,0,-9,10},
  {0x0079,1364,10,13,0,-9,10},
  {0x007a,1381,9,9,0,-9,9},
  {0x007b,1392,11,16,0,-13,11},
  {0x007c,1414,6,17,0,-13,6},
  {0x007d,1427,11,16,0,-13,11},
  {0x007e,1449,14,8,0,-8,14},
  {0x00b0,1463,9,12,0,-12,8},
  {0x00b7,1477,5,7,0,-7,5},
  {0x2191,1482,14,12,0,-12,14},
  {0x2193,1503,14,12,0,-12,14},
  {0x2212,1524,14,7,0,-7,14},
};
static const Font font_body = { font_body_bits, font_body_glyphs, 100, 16, 5 };

// DejaVuSans.ttf @ 15px
static const uint8_t font_state_bits[] = {
  0x30,0xc3,0x0c,0x30,0xc3,0x00,0x00,0xc3,0x00,0x6c,0xd9,0xb3,0x60,0x00,0x00,0x00,0x00,0x00,0x00,0x06,
  0x40,0x26,0x01,0x20,0x7f,0xc0,0x98,0x04,0xc0,0x24,0x0f,0xfc,0x19,0x00,0x98,0x04,0x80,0x08,0x02,0x01,
  0xe0,0xa4,0x68,0x1a,0x03,0xc0,0x3c,0x0b,0x02,0x44,0xb0,0xf8,0x08,0x02,0x00,0x38,0x21,0xb1,0x04,0x4c,
  0x11,0x20,0x6d,0x00,0xed,0xc0,0x24,0x81,0xb2,0x04,0xc8,0x21,0x21,0x87,0x00,0x1e,0x03,0x10,0x30,0x03,
  0x00,0x18,0x02,0xc6,0x66,0x44,0x34,0x61,0xc3,0x1c,0x1e,0x60,0x66,0x66,0x00,0x00,0x00,0x00,0x10,0x43,
  0x08,0x61,0x86,0x18,0x60,0x83,0x04,0x10,0x60,0x83,0x04,0x10,0x61,0x86,0x10,0x43,0x08,0x60,0x10,0x52,
  0x3c,0x3c,0x52,0x10,0x00,0x00,0x00,0x00,0x00,0x02,0x00,0x10,0x00,0x80,0x04,0x03,0xfe,0x01,0x00,0x08,
  0x00,0x40,0x02,0x00,0x21,0x18,0x80,0x78,0x00,0x00,0x00,0x21,0x00,0x08,0x61,0x04,0x30,0x82,0x18,0x41,
  0x0c,0x20,0x1e,0x0c,0xc6,0x11,0x84,0x61,0x98,0x66,0x19,0x84,0x61,0x0c,0xc1,0xe0,0x1c,0x0b,0x00,0xc0,
  0x30,0x0c,0x03,0x00,0xc0,0x30,0x0c,0x03,0x03,0xf0,0x3c,0x18,0xc4,0x30,0x0c,0x03,0x01,0x80,0xc0,0x60,
  0x30,0x18,0x07,0xf0,0x7e,0x00,0xc0,0x30,0x0c,0x03,0x07,0x80,0x30,0x04,0x01,0x10,0xc3,0xe0,0x06,0x03,
  0x81,0xa0,0x48,0x32,0x18,0x84,0x21,0xfe,0x02,0x00,0x80,0x20,0x3e,0x08,0x02,0x00,0x80,0x3c,0x00,0xc0,
  0x30,0x04,0x03,0x10,0xc3,0xc0,0x1e,0x0c,0x42,0x01,0x80,0x7e,0x1c,0xc6,0x11,0x86,0x61,0x0c,0xc1,0xe0,
  0x7f,0x00,0xc0,0x30,0x18,0x06,0x01,0x00,0xc0,0x30,0x08,0x06,0x01,0x80,0x1e,0x0c,0xc6,0x11,0x84,0x33,
  0x07,0x86,0x31,0x86,0x61,0x18,0xc3,0xe0,0x1e,0x08,0xc6,0x31,0x84,0x63,0x98,0xe3,0xd0,0x04,0x03,0x09,
  0x83,0xc0,0x21,0x00,0x00,0x00,0x84,0x21,0x00,0x00,0x00,0x84,0x62,0x00,0x00,0x60,0x0f,0x03,0xc0,0x70,
  0x03,0x80,0x07,0x80,0x07,0x80,0x0c,0x00,0x00,0x3f,0xe0,0x00,0x00,0x00,0x7f,0xc0,0x00,0x00,0x00,0x00,
  0x00,0x20,0x01,0xe0,0x01,0xe0,0x01,0xc0,0x0e,0x03,0xc0,0xf0,0x04,0x00,0x00,0x00,0x3c,0x46,0x06,0x06,
  0x0c,0x18,0x10,0x10,0x00,0x10,0x10,0x07,0xc0,0x38,0x60,0xc0,0x61,0x1f,0x44,0x46,0x49,0x8c,0x93,0x19,
  0x26,0x36,0x44,0x68,0x47,0xe0,0xc0,0x00,0xc1,0x80,0x7e,0x00,0x0c,0x01,0xc0,0x78,0x09,0x01,0x30,0x62,
  0x08,0x63,0xfc,0x60,0x88,0x1b,0x03,0x00,0x7e,0x18,0x46,0x19,0x86,0x61,0x1f,0xc6,0x19,0x82,0x60,0x98,
  0x67,0xf0,0x0f,0x8c,0x36,0x01,0x80,0x60,0x10,0x06,0x01,0x80,0x60,0x0c,0x30,0xf8,0x7f,0x06,0x18,0x60,
  0xc6,0x04,0x60,0x66,0x06,0x60,0x66,0x04,0x60,0xc6,0x18,0x7f,0x00,0x7f,0x30,0x18,0x0c,0x06,0x03,0xf9,
  0x80,0xc0,0x60,0x30,0x1f,0xe0,0x7f,0x30,0x18,0x0c,0x06,0x03,0xf1,0x80,0xc0,0x60,0x30,0x18,0x00,0x0f,
  0x83,0x0c,0x60,0x06,0x00,0x60,0x04,0x3c,0x60,0x46,0x04,0x60,0x43,0x0c,0x0f,0x80,0x60,0xcc,0x19,0x83,
  0x30,0x66,0x0c,0xff,0x98,0x33,0x06,0x60,0xcc,0x19,0x83,0x00,0x66,0x66,0x66,0x66,0x66,0x60,0x31,0x8c,
  0x63,0x18,0xc6,0x31,0x8c,0x63,0x70,0x61,0x8c,0x61,0x98,0x36,0x07,0x80,0xf0,0x1b,0x03,0x30,0x63,0x0c,
  0x31,0x83,0x00,0x60,0x30,0x18,0x0c,0x06,0x03,0x01,0x80,0xc0,0x60,0x30,0x1f,0xc0,0x70,0x73,0x83,0x9e,
  0x3c,0xd1,0x66,0x8b,0x36,0xd9,0x94,0xcc,0xe6,0x66,0x33,0x01,0x98,0x0c,0x70,0xce,0x19,0xe3,0x34,0x66,
  0xcc,0xc9,0x99,0xb3,0x16,0x63,0xcc,0x39,0x87,0x00,0x1f,0x03,0x0c,0x60,0x46,0x06,0x60,0x66,0x06,0x60,
  0x66,0x06,0x60,0x43,0x0c,0x1f,0x00,0x7e,0x31,0x98,0x4c,0x36,0x13,0x19,0xf8,0xc0,0x60,0x30,0x18,0x00,
  0x1f,0x03,0x0c,0x60,0x46,0x06,0x60,0x66,0x06,0x60,0x66,0x06,0x60,0x43,0x0c,0x1f,0x00,0x18,0x00,0xc0,
  0x7e,0x18,0xc6,0x19,0x86,0x63,0x1f,0x86,0x31,0x84,0x61,0x98,0x26,0x0c,0x3e,0x18,0x46,0x01,0x80,0x3c,
  0x03,0xc0,0x10,0x06,0x41,0x98,0xc3,0xe0,0x7f,0xc0,0x80,0x10,0x02,0x00,0x40,0x08,0x01,0x00,0x20,0x04,
  0x00,0x80,0x10,0x00,0x60,0xcc,0x19,0x83,0x30,0x66,0x0c,0xc1,0x98,0x33,0x06,0x60,0x86,0x30,0x7c,0x00,
  0xc0,0xc8,0x19,0x82,0x30,0xc2,0x18,0x66,0x04,0xc0,0xd0,0x1e,0x01,0xc0,0x30,0x00,0x43,0x04,0x87,0x19,
  0x8e,0x33,0x14,0x62,0x68,0x84,0xdb,0x0d,0x16,0x1a,0x2c,0x1c,0x70,0x38,0xe0,0x60,0xc0,0x60,0x8c,0x61,
  0x30,0x78,0x0e,0x03,0x01,0xe0,0x6c,0x33,0x18,0x64,0x0c,0x60,0xc6,0x10,0x46,0x0d,0x80,0xe0,0x0c,0x01,
  0x00,0x20,0x04,0x00,0x80,0x10,0x00,0x7f,0xc0,0x60,0x30,0x0c,0x06,0x03,0x01,0x80,0xe0,0x30,0x18,0x07,
  0xfc,0x71,0x86,0x18,0x61,0x86,0x18,0x61,0x86,0x18,0x70,0x83,0x04,0x10,0x60,0x82,0x0c,0x10,0x41,0x82,
  0x78,0x61,0x86,0x18,0x61,0x86,0x18,0x61,0x86,0x78,0x07,0x00,0x6c,0x06,0x30,0x60,0xc0,0x00,0x00,0x00,
  0x00,0x00,0x00,0x00,0x00,0x00,0x00,0x00,0x00,0x00,0x00,0x0f,0xf0,0x20,0x30,0x10,0x00,0x00,0x00,0x00,
  0x00,0x00,0x00,0x00,0x00,0x7c,0x01,0x00,0xc7,0xe6,0x32,0x19,0x9c,0x7e,0x60,0x18,0x06,0x01,0xf8,0x73,
  0x18,0x66,0x19,0x86,0x61,0x9c,0xc7,0xe0,0x1e,0x32,0x60,0x40,0x40,0x60,0x32,0x1e,0x01,0x00,0x40,0x10,
  0xf4,0x63,0x18,0xc4,0x11,0x04,0x63,0x18,0xc3,0xd0,0x1e,0x19,0x98,0x48,0x27,0xf2,0x00,0x84,0x3c,0x3c,
  0x82,0x3e,0x20,0x82,0x08,0x20,0x82,0x00,0x3d,0x18,0xc6,0x31,0x04,0x41,0x18,0xc6,0x30,0xfc,0x01,0x08,
  0xc3,0xe0,0x60,0x18,0x06,0x01,0xf8,0x73,0x18,0x46,0x11,0x84,0x61,0x18,0x46,0x10,0x66,0x06,0x66,0x66,
  0x66,0x60,0x31,0x80,0x63,0x18,0xc6,0x31,0x8c,0x63,0x30,0x60,0x30,0x18,0x0c,0x66,0x63,0x61,0xe0,0xf0,
  0x6c,0x33,0x18,0xc0,0x66,0x66,0x66,0x66,0x66,0x60,0x7e,0x70,0xe7,0x31,0x84,0x23,0x08,0x46,0x10,0x8c,
  0x21,0x18,0x42,0x30,0x84,0x7e,0x1c,0xc6,0x11,0x84,0x61,0x18,0x46,0x11,0x84,0x3e,0x31,0x98,0x48,0x24,
  0x13,0x09,0x8c,0x7c,0x7e,0x1c,0xc6,0x19,0x86,0x61,0x98,0x67,0x31,0xf8,0x60,0x18,0x06,0x00,0x3d,0x18,
  0xc6,0x31,0x04,0x41,0x18,0xc6,0x30,0xf4,0x01,0x00,0x40,0x10,0x7c,0xe1,0x83,0x06,0x0c,0x18,0x30,0x3c,
  0x62,0x40,0x70,0x1e,0x02,0x46,0x3c,0x61,0x8f,0xd8,0x61,0x86,0x18,0x60,0xf0,0x61,0x18,0x46,0x11,0x84,
  0x61,0x18,0x42,0x30,0xf4,0x41,0x31,0x98,0xc4,0x43,0x61,0xa0,0x70,0x38,0x46,0x34,0x62,0x67,0x26,0xd6,
  0x29,0x63,0x9c,0x39,0xc1,0x8c,0x63,0x1b,0x07,0x03,0x81,0xc1,0xb0,0x88,0x86,0x41,0x31,0x98,0x84,0xc3,
  0x60,0xa0,0x70,0x10,0x18,0x0c,0x1c,0x00,0x7e,0x06,0x0c,0x18,0x10,0x30,0x60,0x7e,0x07,0x03,0x00,0xc0,
  0x30,0x0c,0x02,0x03,0x80,0x20,0x0c,0x03,0x00,0xc0,0x30,0x0c,0x01,0xc0,0x21,0x08,0x42,0x10,0x84,0x21,
  0x08,0x42,0x10,0x80,0x38,0x02,0x00,0x80,0x20,0x08,0x03,0x00,0x70,0x30,0x0c,0x02,0x00,0x80,0x20,0x08,
  0x0e,0x00,0x00,0x01,0xf1,0x08,0xf0,0x00,0x00,0x00,0x00,0x00,0x00,0x00,0x38,0x24,0x44,0x24,0x38,0x00,
  0x00,0x00,0x00,0x00,0x00,0x21,0x00,0x00,0x00,0x06,0x00,0x78,0x07,0xe0,0x25,0x00,0x20,0x01,0x00,0x08,
  0x00,0x40,0x02,0x00,0x10,0x00,0x80,0x02,0x00,0x10,0x00,0x80,0x04,0x00,0x20,0x01,0x00,0x08,0x02,0x50,
  0x1f,0x80,0x78,0x01,0x80,0x3f,0xe0,0x00,0x00,0x00,0x00,0x00,0x00,0x00,
};
static const Glyph font_state_glyphs[] = {
  {0x0020,0,0,0,0,0,5},
  {0x0021,0,6,11,0,-11,6},
  {0x0022,9,7,11,0,-11,7},
  {0x0023,19,13,11,0,-11,13},
  {0x0024,37,10,14,0,-12,10},
  {0x0025,55,14,11,0,-11,14},
  {0x0026,75,12,11,0,-11,12},
  {0x0027,92,4,11,0,-11,4},
  {0x0028,98,6,13,0,-11,6},
  {0x0029,108,6,13,0,-11,6},
  {0x002a,118,8,11,0,-11,8},
  {0x002b,129,13,9,0,-9,13},
  {0x002c,144,5,4,0,-2,5},
  {0x002d,147,5,5,0,-5,5},
  {0x002e,151,5,2,0,-2,5},
  {0x002f,153,6,12,0,-11,5},
  {0x0030,162,10,11,0,-11,10},
  {0x0031,176,10,11,0,-11,10},
  {0x0032,190,10,11,0,-11,10},
  {0x0033,204,10,11,0,-11,10},
  {0x0034,218,10,11,0,-11,10},
  {0x0035,232,10,11,0,-11,10},
  {0x0036,246,10,11,0,-11,10},
  {0x0037,260,10,11,0,-11,10},
  {0x0038,274,10,11,0,-11,10},
  {0x0039,288,10,11,0,-11,10},
  {0x003a,302,5,8,0,-8,5},
  {0x003b,307,5,10,0,-8,5},
  {0x003c,314,13,9,0,-9,13},
  {0x003d,329,13,7,0,-7,13},
  {0x003e,341,13,9,0,-9,13},
  {0x003f,356,8,11,0,-11,8},
  {0x0040,367,15,13,0,-11,15},
  {0x0041,392,11,11,0,-11,10},
  {0x0042,408,10,11,0,-11,10},
  {0x0043,422,10,11,0,-11,10},
  {0x0044,436,12,11,0,-11,12},
  {0x0045,453,9,11,0,-11,9},
  {0x0046,466,9,11,0,-11,9},
  {0x0047,479,12,11,0,-11,12},
  {0x0048,496,11,11,0,-11,11},
  {0x0049,512,4,11,0,-11,4},
  {0x004a,518,5,14,-1,-11,4},
  {0x004b,527,11,11,0,-11,10},
  {0x004c,543,9,11,0,-11,8},
  {0x004d,556,13,11,0,-11,13},
  {0x004e,574,11,11,0,-11,11},
  {0x004f,590,12,11,0,-11,12},
  {0x0050,607,9,11,0,-11,9},
  {0x0051,620,12,13,0,-11,12},
  {0x0052,640,10,11,0,-11,10},
  {0x0053,654,10,11,0,-11,10},
  {0x0054,668,11,11,-1,-11,9},
  {0x0055,684,11,11,0,-11,11},
  {0x0056,700,11,11,0,-11,10},
  {0x0057,716,15,11,0,-11,15},
  {0x0058,737,10,11,0,-11,10},
  {0x0059,751,11,11,-1,-11,9},
  {0x005a,767,10,11,0,-11,10},
  {0x005b,781,6,13,0,-11,6},
  {0x005c,791,6,12,0,-11,5},
  {0x005d,800,6,13,0,-11,6},
  {0x005e,810,13,11,0,-11,13},
  {0x005f,828,9,4,-1,0,8},
  {0x0060,833,8,12,0,-12,8},
  {0x0061,845,9,8,0,-8,9},
  {0x0062,854,10,11,0,-11,10},
  {0x0063,868,8,8,0,-8,8},
  {0x0064,876,10,11,0,-11,10},
  {0x0065,890,9,8,0,-8,9},
  {0x0066,899,6,11,0,-11,5},
  {0x0067,908,10,11,0,-8,10},
  {0x0068,922,10,11,0,-11,10},
  {0x0069,936,4,11,0,-11,4},
  {0x006a,942,5,14,-1,-11,4},
  {0x006b,951,9,11,0,-11,9},
  {0x006c,964,4,11,0,-11,4},
  {0x006d,970,15,8,0,-8,15},
  {0x006e,985,10,8,0,-8,10},
  {0x006f,995,9,8,0,-8,9},
  {0x0070,1004,10,11,0,-8,10},
  {0x0071,1018,10,11,0,-8,10},
  {0x0072,1032,7,8,0,-8,6},
  {0x0073,1039,8,8,0,-8,8},
  {0x0074,1047,6,10,0,-10,6},
  {0x0075,1055,10,8,0,-8,10},
  {0x0076,1065,9,8,0,-8,9},
  {0x0077,1074,12,8,0,-8,12},
  {0x0078,1086,9,8,0,-8,9},
  {0x0079,1095,9,11,0,-8,9},
  {0x007a,1108,8,8,0,-8,8},
  {0x007b,1116,10,14,0,-11,10},
  {0x007c,1134,5,15,0,-11,5},
  {0x007d,1144,10,14,0,-11,10},
  {0x007e,1162,13,7,0,-7,13},
  {0x00b0,1174,8,11,0,-11,8},
  {0x00b7,1185,5,6,0,-6,5},
  {0x2191,1189,13,11,0,-11,13},
  {0x2193,1207,13,11,0,-11,13},
  {0x2212,1225,13,5,0,-5,13},
};
static const Font font_state = { font_state_bits, font_state_glyphs, 100, 14, 4 };

// DejaVuSans-Bold.ttf @ 15px
static const uint8_t font_state_b_bits[] = {
  0x38,0x70,0xe1,0xc3,0x87,0x0c,0x00,0x38,0x70,0xe0,0x64,0x64,0x64,0x64,0x00,0x00,0x00,0x00,0x00,0x00,
  0x00,0x06,0xc0,0x26,0x01,0x30,0x19,0x83,0xff,0x06,0xc0,0x66,0x0f,0xfc,0x1b,0x00,0x98,0x0c,0xc0,0x04,
  0x01,0x01,0xf0,0xf2,0x74,0x1f,0x07,0xf0,0xfe,0x0f,0x81,0x66,0x58,0xfc,0x04,0x01,0x00,0x38,0x30,0xd8,
  0xc3,0x33,0x06,0x66,0x06,0xd8,0x07,0x27,0x00,0xdb,0x03,0x33,0x06,0x66,0x18,0xd8,0x20,0xe0,0x0f,0x00,
  0xc4,0x06,0x00,0x38,0x03,0xe3,0x3f,0xb9,0xdd,0xce,0x7c,0x71,0xe1,0x8f,0x07,0xfc,0x63,0x18,0xc0,0x00,
  0x00,0x00,0x00,0x18,0x30,0xe1,0x87,0x0e,0x1c,0x38,0x70,0x60,0xe0,0xc1,0x80,0x70,0x60,0xe0,0xc1,0x83,
  0x87,0x0e,0x18,0x30,0xe1,0x87,0x00,0x18,0x5a,0x7e,0x3c,0x7e,0x5a,0x18,0x00,0x00,0x00,0x00,0x06,0x00,
  0x30,0x01,0x80,0x0c,0x03,0xfe,0x1f,0xf0,0x18,0x00,0xc0,0x06,0x00,0x30,0x00,0x71,0xc7,0x18,0x60,0x79,
  0xe0,0x00,0x00,0x00,0x71,0xc7,0x00,0x08,0x61,0x84,0x30,0xc2,0x18,0x61,0x0c,0x30,0x1e,0x0c,0xe7,0x19,
  0xc7,0x71,0xdc,0x77,0x1d,0xc7,0x71,0x8c,0xe1,0xe0,0x1e,0x0b,0x80,0xe0,0x38,0x0e,0x03,0x80,0xe0,0x38,
  0x0e,0x03,0x83,0xf8,0x3e,0x11,0xe0,0x38,0x0e,0x03,0x81,0xc0,0xf0,0x78,0x3c,0x0e,0x07,0xf8,0x3f,0x19,
  0xe0,0x38,0x0e,0x07,0x07,0xc0,0x38,0x0e,0x03,0x90,0xe3,0xf0,0x07,0x03,0xc1,0xf0,0xfc,0x37,0x1d,0xc6,
  0x71,0xff,0x07,0x01,0xc0,0x70,0x3f,0x8c,0x03,0x00,0xc0,0x3f,0x08,0xe0,0x38,0x0e,0x03,0x90,0xe3,0xe0,
  0x0f,0x0e,0x23,0x01,0xc0,0x7f,0x1e,0xe7,0x1d,0xc7,0x71,0xce,0xe1,0xf0,0x7f,0x80,0xe0,0x38,0x1c,0x07,
  0x03,0xc0,0xe0,0x38,0x1c,0x07,0x03,0x80,0x1f,0x1c,0xe7,0x39,0xce,0x33,0x8f,0xc7,0x39,0xc6,0x71,0xdc,
  0xe3,0xf0,0x1e,0x1c,0xc7,0x39,0xce,0x73,0x9c,0xf3,0xf8,0x06,0x03,0x81,0xc3,0xe0,0x30,0xc3,0x00,0x00,
  0xc3,0x0c,0x30,0xc3,0x00,0x00,0xc3,0x0c,0x71,0x80,0x00,0x60,0x0f,0x03,0xf0,0x7c,0x03,0x80,0x1f,0x00,
  0x3f,0x00,0x3c,0x00,0x60,0x3f,0xe1,0xff,0x00,0x00,0x00,0x03,0xfe,0x1f,0xf0,0x00,0x00,0x00,0x20,0x01,
  0xe0,0x07,0xc0,0x07,0xc0,0x0e,0x01,0xf0,0x7c,0x07,0x80,0x20,0x00,0x3e,0x23,0x81,0xc1,0xe1,0xe0,0xe0,
  0x60,0x00,0x38,0x1c,0x0e,0x00,0x07,0xc0,0x38,0x60,0xc0,0x61,0x1f,0x46,0x6e,0xcd,0x8d,0x93,0x1b,0x36,
  0x36,0x66,0xf8,0x47,0xe0,0xc0,0x00,0xe1,0x00,0x7e,0x00,0x0f,0x01,0xf0,0x1f,0x01,0xf8,0x3b,0x83,0x9c,
  0x39,0xc7,0xfc,0x70,0xe6,0x0e,0xe0,0x60,0x7f,0x8e,0x39,0xc7,0x38,0xe7,0x1c,0xff,0x1c,0x73,0x8e,0x71,
  0xce,0x39,0xfe,0x00,0x0f,0xc7,0x09,0xc0,0x38,0x07,0x00,0xe0,0x1c,0x03,0x80,0x70,0x07,0x08,0x3f,0x00,
  0x7f,0x87,0x1c,0x70,0xe7,0x0e,0x70,0x77,0x07,0x70,0x77,0x0e,0x70,0xe7,0x1c,0x7f,0x80,0x7f,0x9c,0x07,
  0x01,0xc0,0x70,0x1f,0xe7,0x01,0xc0,0x70,0x1c,0x07,0xf8,0x7f,0x9c,0x07,0x01,0xc0,0x70,0x1f,0xe7,0x01,
  0xc0,0x70,0x1c,0x07,0x00,0x0f,0xe3,0x86,0x70,0x07,0x00,0x70,0x07,0x1e,0x70,0xe7,0x0e,0x70,0xe3,0x8e,
  0x0f,0xe0,0x70,0xe3,0x87,0x1c,0x38,0xe1,0xc7,0x0e,0x3f,0xf1,0xc3,0x8e,0x1c,0x70,0xe3,0x87,0x1c,0x38,
  0x71,0xc7,0x1c,0x71,0xc7,0x1c,0x71,0xc7,0x00,0x38,0x70,0xe1,0xc3,0x87,0x0e,0x1c,0x38,0x70,0xe1,0xc3,
  0x9e,0x00,0x70,0xe3,0x8e,0x1c,0xe0,0xfe,0x07,0xe0,0x3f,0x01,0xfc,0x0e,0xf0,0x73,0xc3,0x8f,0x1c,0x3c,
  0x70,0x1c,0x07,0x01,0xc0,0x70,0x1c,0x07,0x01,0xc0,0x70,0x1c,0x07,0xf8,0x78,0x3c,0xf8,0xf9,0xf1,0xf3,
  0xe7,0xe7,0x6d,0xce,0xfb,0x9d,0xe7,0x39,0xce,0x73,0x9c,0xe0,0x39,0xc0,0x70,0x78,0xe3,0xc7,0x1f,0x38,
  0xf9,0xc7,0xee,0x3b,0x71,0xcf,0x8e,0x7c,0x71,0xe3,0x8f,0x1c,0x38,0x0f,0x81,0xc7,0x1c,0x38,0xe0,0xe7,
  0x07,0x38,0x39,0xc1,0xce,0x0e,0x70,0xe1,0xc7,0x03,0xe0,0x7f,0x8e,0x39,0xc7,0x38,0xe7,0x1c,0xe3,0x9f,
  0xe3,0x80,0x70,0x0e,0x01,0xc0,0x00,0x0f,0x81,0xc7,0x1c,0x38,0xe0,0xe7,0x07,0x38,0x39,0xc1,0xce,0x0e,
  0x70,0xe1,0xc7,0x03,0xe0,0x03,0x80,0x0e,0x00,0x7f,0x07,0x38,0x71,0xc7,0x1c,0x71,0xc7,0x38,0x7f,0x07,
  0x38,0x71,0xc7,0x1e,0x70,0xe0,0x1f,0x86,0x11,0xc0,0x38,0x07,0xf0,0x7f,0x07,0xf0,0x1e,0x01,0xcc,0x71,
  0xfc,0x00,0xff,0xc1,0xc0,0x38,0x07,0x00,0xe0,0x1c,0x03,0x80,0x70,0x0e,0x01,0xc0,0x38,0x00,0x70,0xe7,
  0x0e,0x70,0xe7,0x0e,0x70,0xe7,0x0e,0x70,0xe7,0x0e,0x70,0xe3,0x9c,0x1f,0x80,0xe0,0xe7,0x0e,0x70,0xe7,
  0x1c,0x39,0xc3,0x9c,0x3b,0x81,0xf8,0x1f,0x01,0xf0,0x0f,0x00,0xe1,0xc7,0x39,0xe3,0x9c,0xf1,0xce,0x7d,
  0xc7,0x36,0xe1,0xdb,0x70,0xf9,0xb8,0x7c,0xf8,0x3e,0x3c,0x0f,0x1e,0x07,0x0f,0x00,0x70,0xe7,0x1c,0x3b,
  0x81,0xf8,0x1f,0x00,0xf0,0x1f,0x01,0xf8,0x39,0xc7,0x1c,0x70,0xe0,0x70,0x71,0xc7,0x0f,0x70,0x3f,0x80,
  0xf8,0x07,0x80,0x1c,0x00,0xe0,0x07,0x00,0x38,0x01,0xc0,0x7f,0xc0,0x78,0x1f,0x03,0xc0,0xf0,0x3e,0x0f,
  0x81,0xe0,0x78,0x0f,0x01,0xff,0x00,0x7c,0xe1,0xc3,0x87,0x0e,0x1c,0x38,0x70,0xe1,0xc3,0x87,0xc0,0xc3,
  0x04,0x18,0x60,0x83,0x0c,0x10,0x61,0x82,0x7c,0x38,0x70,0xe1,0xc3,0x87,0x0e,0x1c,0x38,0x70,0xe7,0xc0,
  0x07,0x00,0x7c,0x06,0x70,0x61,0xc0,0x00,0x00,0x00,0x00,0x00,0x00,0x00,0x00,0x00,0x00,0x00,0x00,0x00,
  0x00,0xff,0x60,0x30,0x18,0x00,0x00,0x00,0x00,0x00,0x00,0x00,0x00,0x00,0x7f,0x00,0xe0,0x38,0xfe,0x73,
  0x98,0xe7,0x78,0xfe,0x70,0x0e,0x01,0xc0,0x3f,0x87,0x98,0xe3,0x9c,0x73,0x8e,0x71,0xcf,0x31,0xfc,0x00,
  0x1e,0x38,0x9c,0x0e,0x07,0x03,0x81,0xc4,0x3c,0x01,0xc0,0x38,0x07,0x1e,0xe7,0x3c,0xe3,0x9c,0x73,0x8e,
  0x71,0xce,0x78,0xf7,0x00,0x1f,0x1c,0xe7,0x19,0xff,0x60,0x1c,0x07,0x08,0x7c,0x3e,0x60,0xc7,0xf3,0x06,
  0x0c,0x18,0x30,0x60,0xc0,0x3d,0xce,0x79,0xc7,0x38,0xe7,0x1c,0xe3,0x9c,0xf1,0xfe,0x01,0x84,0x70,0xfc,
  0x00,0x70,0x0e,0x01,0xc0,0x3b,0xc7,0xb8,0xe3,0x9c,0x73,0x8e,0x71,0xce,0x39,0xc7,0x00,0x73,0x80,0xe7,
  0x39,0xce,0x73,0x9c,0x38,0xe0,0x0e,0x38,0xe3,0x8e,0x38,0xe3,0x8e,0x3b,0xc0,0x70,0x0e,0x01,0xc0,0x39,
  0xc7,0x70,0xfc,0x1f,0x03,0xf0,0x77,0x0e,0x71,0xc7,0x00,0x73,0x9c,0xe7,0x39,0xce,0x73,0x9c,0x77,0x38,
  0x7b,0xdc,0x73,0x8c,0x73,0x8e,0x73,0x8e,0x73,0x8e,0x73,0x8e,0x73,0x8e,0x77,0x8f,0x71,0xc7,0x38,0xe7,
  0x1c,0xe3,0x9c,0x73,0x8e,0x1f,0x1c,0xe7,0x19,0x87,0x61,0xdc,0x67,0x38,0x7c,0x7f,0x0f,0x31,0xc7,0x38,
  0xe7,0x1c,0xe3,0x9e,0x63,0xf8,0x70,0x0e,0x01,0xc0,0x00,0x3d,0xce,0x79,0xc7,0x38,0xe7,0x1c,0xe3,0x9c,
  0xf1,0xee,0x01,0xc0,0x38,0x07,0x00,0x76,0x78,0x70,0x70,0x70,0x70,0x70,0x70,0x3e,0x31,0x9c,0x0f,0xc3,
  0xf0,0x39,0x1c,0x7c,0x70,0xe1,0xc7,0xf7,0x0e,0x1c,0x38,0x70,0x60,0xf8,0x71,0x8e,0x31,0xc6,0x38,0xc7,
  0x18,0xe3,0x1c,0xe1,0xfc,0xe1,0x98,0xe7,0x38,0xcc,0x3f,0x0f,0x81,0xe0,0x78,0x63,0x19,0xdc,0xe7,0x7b,
  0x9d,0xec,0x3d,0xf0,0xf3,0xc3,0xcf,0x0f,0x38,0x73,0x9d,0xc3,0xe0,0x78,0x1e,0x0f,0xc7,0x31,0x8e,0xe1,
  0x98,0xe7,0x38,0xcc,0x3f,0x0f,0xc1,0xe0,0x78,0x0c,0x07,0x07,0x80,0x7f,0x07,0x83,0xc3,0xc3,0xc3,0xc1,
  0xc0,0xfe,0x07,0x81,0xc0,0x38,0x07,0x00,0xe0,0x18,0x0f,0x00,0x60,0x0e,0x01,0xc0,0x38,0x07,0x00,0xe0,
  0x0f,0x00,0x31,0x8c,0x63,0x18,0xc6,0x31,0x8c,0x63,0x18,0xc0,0x3c,0x01,0x80,0x38,0x07,0x00,0xe0,0x1c,
  0x01,0xe0,0x70,0x0e,0x01,0xc0,0x38,0x07,0x00,0xc0,0x78,0x00,0x00,0x01,0xf1,0x0f,0xf8,0x47,0x80,0x00,
  0x00,0x00,0x00,0x00,0x38,0x64,0x64,0x64,0x38,0x00,0x00,0x00,0x00,0x00,0x00,0x71,0xc7,0x00,0x00,0x00,
  0x00,0x06,0x00,0x78,0x07,0xe0,0x3d,0x00,0x60,0x03,0x00,0x18,0x00,0xc0,0x06,0x00,0x30,0x01,0x80,0x06,
  0x00,0x30,0x01,0x80,0x0c,0x00,0x60,0x03,0x00,0x18,0x03,0xd0,0x1f,0x80,0x78,0x01,0x80,0x3f,0xe1,0xff,
  0x00,0x00,0x00,0x00,0x00,0x00,0x00,
};
static const Glyph font_state_b_glyphs[] = {
  {0x0020,0,0,0,0,0,5},
  {0x0021,0,7,11,0,-11,7},
  {0x0022,10,8,11,0,-11,8},
  {0x0023,21,13,11,0,-11,13},
  {0x0024,39,10,14,0,-12,10},
  {0x0025,57,15,11,0,-11,15},
  {0x0026,78,13,11,0,-11,13},
  {0x0027,96,5,11,0,-11,5},
  {0x0028,103,7,13,0,-11,7},
  {0x0029,115,7,13,0,-11,7},
  {0x002a,127,8,11,0,-11,8},
  {0x002b,138,13,10,0,-10,13},
  {0x002c,155,6,5,0,-3,6},
  {0x002d,159,6,6,0,-6,6},
  {0x002e,164,6,3,0,-3,6},
  {0x002f,167,6,12,0,-11,5},
  {0x0030,176,10,11,0,-11,10},
  {0x0031,190,10,11,0,-11,10},
  {0x0032,204,10,11,0,-11,10},
  {0x0033,218,10,11,0,-11,10},
  {0x0034,232,10,11,0,-11,10},
  {0x0035,246,10,11,0,-11,10},
  {0x0036,260,10,11,0,-11,10},
  {0x0037,274,10,11,0,-11,10},
  {0x0038,288,10,11,0,-11,10},
  {0x0039,302,10,11,0,-11,10},
  {0x003a,316,6,8,0,-8,6},
  {0x003b,322,6,10,0,-8,6},
  {0x003c,330,13,9,0,-9,13},
  {0x003d,345,13,8,0,-8,13},
  {0x003e,358,13,9,0,-9,13},
  {0x003f,373,9,11,0,-11,9},
  {0x0040,386,15,13,0,-11,15},
  {0x0041,411,12,11,0,-11,12},
  {0x0042,428,11,11,0,-11,11},
  {0x0043,444,11,11,0,-11,11},
  {0x0044,460,12,11,0,-11,12},
  {0x0045,477,10,11,0,-11,10},
  {0x0046,491,10,11,0,-11,10},
  {0x0047,505,12,11,0,-11,12},
  {0x0048,522,13,11,0,-11,13},
  {0x0049,540,6,11,0,-11,6},
  {0x004a,549,7,14,-1,-11,6},
  {0x004b,562,13,11,0,-11,12},
  {0x004c,580,10,11,0,-11,10},
  {0x004d,594,15,11,0,-11,15},
  {0x004e,615,13,11,0,-11,13},
  {0x004f,633,13,11,0,-11,13},
  {0x0050,651,11,11,0,-11,11},
  {0x0051,667,13,13,0,-11,13},
  {0x0052,689,12,11,0,-11,12},
  {0x0053,706,11,11,0,-11,11},
  {0x0054,722,11,11,0,-11,10},
  {0x0055,738,12,11,0,-11,12},
  {0x0056,755,12,11,0,-11,12},
  {0x0057,772,17,11,0,-11,17},
  {0x0058,796,12,11,0,-11,12},
  {0x0059,813,13,11,-1,-11,11},
  {0x005a,831,11,11,0,-11,11},
  {0x005b,847,7,13,0,-11,7},
  {0x005c,859,6,12,0,-11,5},
  {0x005d,868,7,13,0,-11,7},
  {0x005e,880,13,11,0,-11,13},
  {0x005f,898,8,4,0,0,8},
  {0x0060,902,8,12,0,-12,8},
  {0x0061,914,10,8,0,-8,10},
  {0x0062,924,11,11,0,-11,11},
  {0x0063,940,9,8,0,-8,9},
  {0x0064,949,11,11,0,-11,11},
  {0x0065,965,10,8,0,-8,10},
  {0x0066,975,7,11,0,-11,7},
  {0x0067,985,11,11,0,-8,11},
  {0x0068,1001,11,11,0,-11,11},
  {0x0069,1017,5,11,0,-11,5},
  {0x006a,1024,6,14,-1,-11,5},
  {0x006b,1035,11,11,0,-11,10},
  {0x006c,1051,5,11,0,-11,5},
  {0x006d,1058,16,8,0,-8,16},
  {0x006e,1074,11,8,0,-8,11},
  {0x006f,1085,10,8,0,-8,10},
  {0x0070,1095,11,11,0,-8,11},
  {0x0071,1111,11,11,0,-8,11},
  {0x0072,1127,8,8,0,-8,7},
  {0x0073,1135,9,8,0,-8,9},
  {0x0074,1144,7,11,0,-11,7},
  {0x0075,1154,11,8,0,-8,11},
  {0x0076,1165,10,8,0,-8,10},
  {0x0077,1175,14,8,0,-8,14},
  {0x0078,1189,10,8,0,-8,10},
  {0x0079,1199,10,11,0,-8,10},
  {0x007a,1213,9,8,0,-8,9},
  {0x007b,1222,11,14,0,-11,11},
  {0x007c,1242,5,15,0,-11,5},
  {0x007d,1252,11,14,0,-11,11},
  {0x007e,1272,13,7,0,-7,13},
  {0x00b0,1284,8,11,0,-11,8},
  {0x00b7,1295,6,7,0,-7,6},
  {0x2191,1301,13,11,0,-11,13},
  {0x2193,1319,13,11,0,-11,13},
  {0x2212,1337,13,6,0,-6,13},
};
static const Font font_state_b = { font_state_b_bits, font_state_b_glyphs, 100, 14, 4 };

// DejaVuSans-Bold.ttf @ 26px
static const uint8_t font_title_bits[] = {
  0x0f,0x00,0xf0,0x0f,0x00,0xf0,0x0f,0x00,0xf0,0x0f,0x00,0xf0,0x0f,0x00,0xf0,0x0f,0x00,0xf0,0x00,0x00,
  0x00,0x0f,0x00,0xf0,0x0f,0x00,0xf0,0x0f,0x00,0x3c,0xe0,0xf3,0x83,0xce,0x0f,0x38,0x3c,0xe0,0xf3,0x83,
  0xce,0x00,0x00,0x00,0x00,0x00,0x00,0x00,0x00,0x00,0x00,0x00,0x00,0x00,0x00,0x00,0x00,0x00,0x00,0x00,
  0x00,0x00,0x00,0x00,0x71,0xc0,0x03,0x8e,0x00,0x0e,0x38,0x00,0x38,0xe0,0x00,0xe3,0x80,0x7f,0xff,0xc1,
  0xff,0xff,0x07,0xff,0xfc,0x01,0xc7,0x00,0x0e,0x38,0x00,0x38,0xe0,0x0f,0xff,0xf8,0x3f,0xff,0xe0,0xff,
  0xff,0x80,0x71,0xc0,0x01,0xc7,0x00,0x07,0x1c,0x00,0x38,0x70,0x00,0xe3,0x80,0x00,0x00,0xc0,0x00,0x30,
  0x00,0x0c,0x00,0x1f,0xe0,0x0f,0xfe,0x07,0xff,0x83,0xec,0x60,0xf3,0x00,0x3c,0xc0,0x0f,0xf0,0x03,0xff,
  0xc0,0x7f,0xf8,0x07,0xff,0x00,0x3f,0xc0,0x0c,0xf0,0x03,0x3c,0x30,0xcf,0x0f,0xff,0xc3,0xff,0xe0,0x3f,
  0xe0,0x00,0xc0,0x00,0x30,0x00,0x0c,0x00,0x03,0x00,0x1f,0x00,0x70,0x0f,0xf0,0x18,0x07,0x9c,0x0e,0x01,
  0xc3,0x87,0x00,0x70,0xe1,0xc0,0x1c,0x38,0xe0,0x07,0x1e,0x70,0x01,0xe7,0x1c,0x00,0x3f,0xce,0x00,0x07,
  0xc3,0x0f,0x80,0x01,0xcf,0xf0,0x00,0xe3,0x9e,0x00,0x39,0xe3,0x80,0x1c,0x70,0xe0,0x0e,0x1c,0x38,0x03,
  0x87,0x8e,0x01,0xc0,0xe7,0x80,0x70,0x3f,0xc0,0x38,0x03,0xe0,0x01,0xfc,0x00,0x07,0xfc,0x00,0x1f,0xf8,
  0x00,0x7e,0x30,0x00,0xf8,0x00,0x01,0xf0,0x00,0x01,0xf0,0x00,0x03,0xf0,0x00,0x0f,0xf0,0x78,0x3f,0xf1,
  0xf0,0xfb,0xf3,0xc1,0xe3,0xf7,0x83,0xc3,0xff,0x07,0x83,0xfc,0x0f,0x83,0xf0,0x1f,0x87,0xe0,0x1f,0xff,
  0xe0,0x1f,0xff,0xe0,0x0f,0xe3,0xe0,0x3c,0x3c,0x3c,0x3c,0x3c,0x3c,0x3c,0x00,0x00,0x00,0x00,0x00,0x00,
  0x00,0x00,0x00,0x00,0x00,0x00,0x03,0xc0,0x78,0x07,0x80,0xf0,0x0f,0x01,0xf0,0x1e,0x01,0xe0,0x3e,0x03,
  0xe0,0x3e,0x03,0xe0,0x3e,0x03,0xe0,0x3e,0x01,0xe0,0x1e,0x01,0xf0,0x0f,0x00,0xf0,0x07,0x80,0x78,0x03,
  0xc0,0x3c,0x01,0xe0,0x1e,0x00,0xf0,0x0f,0x00,0xf8,0x07,0x80,0x78,0x07,0x80,0x7c,0x07,0xc0,0x7c,0x07,
  0xc0,0x7c,0x07,0x80,0x78,0x07,0x80,0xf8,0x0f,0x00,0xf0,0x1e,0x01,0xe0,0x3c,0x00,0x03,0x00,0x0c,0x06,
  0x31,0x1c,0xde,0x3f,0xf0,0x3f,0x00,0xfc,0x0f,0xfc,0x73,0x79,0x8c,0x40,0x30,0x00,0xc0,0x00,0x00,0x00,
  0x00,0x00,0x00,0x00,0x00,0x00,0x00,0x00,0x00,0x00,0x00,0x70,0x00,0x01,0xc0,0x00,0x07,0x00,0x00,0x1c,
  0x00,0x00,0x70,0x00,0x01,0xc0,0x00,0x07,0x00,0x07,0xff,0xf8,0x1f,0xff,0xe0,0x7f,0xff,0x80,0x07,0x00,
  0x00,0x1c,0x00,0x00,0x70,0x00,0x01,0xc0,0x00,0x07,0x00,0x00,0x1c,0x00,0x00,0x70,0x00,0x1e,0x07,0x81,
  0xe0,0x78,0x3e,0x0f,0x03,0xc0,0xe0,0x70,0x00,0x7f,0x8f,0xf1,0xfe,0x3f,0xc0,0x00,0x00,0x00,0x00,0x00,
  0x00,0x00,0x00,0x1e,0x07,0x81,0xe0,0x78,0x1e,0x00,0x03,0x80,0xe0,0x38,0x1c,0x07,0x01,0xc0,0x60,0x38,
  0x0e,0x03,0x81,0xc0,0x70,0x1c,0x0e,0x03,0x80,0xe0,0x70,0x1c,0x07,0x03,0x80,0xe0,0x00,0x03,0xf0,0x03,
  0xff,0x01,0xff,0xe0,0x7c,0xfc,0x3e,0x1f,0x0f,0x83,0xc7,0xc0,0xf9,0xf0,0x3e,0x7c,0x0f,0x9f,0x03,0xe7,
  0xc0,0xf9,0xf0,0x3e,0x7c,0x0f,0x8f,0x83,0xc3,0xe1,0xf0,0x7c,0xfc,0x1f,0xfe,0x03,0xff,0x00,0x3f,0x00,
  0x07,0xf0,0x07,0xfc,0x01,0xff,0x00,0x67,0xc0,0x01,0xf0,0x00,0x7c,0x00,0x1f,0x00,0x07,0xc0,0x01,0xf0,
  0x00,0x7c,0x00,0x1f,0x00,0x07,0xc0,0x01,0xf0,0x00,0x7c,0x00,0x1f,0x00,0x07,0xc0,0x1f,0xff,0x07,0xff,
  0xc1,0xff,0xf0,0x0f,0xf0,0x0f,0xff,0x03,0xff,0xe0,0xe1,0xf8,0x20,0x3f,0x00,0x07,0xc0,0x01,0xf0,0x00,
  0xf8,0x00,0x3e,0x00,0x1f,0x00,0x0f,0x80,0x07,0xc0,0x03,0xe0,0x01,0xf0,0x00,0xf8,0x00,0x7c,0x00,0x3f,
  0xff,0x0f,0xff,0xc3,0xff,0xf0,0x0f,0xf0,0x0f,0xff,0x03,0xff,0xe0,0x41,0xf8,0x00,0x3f,0x00,0x07,0xc0,
  0x03,0xe0,0x01,0xf8,0x07,0xfc,0x01,0xfe,0x00,0x7f,0xe0,0x00,0xfc,0x00,0x1f,0x00,0x07,0xc0,0x01,0xf0,
  0xc0,0xfc,0x3f,0xfe,0x0f,0xff,0x01,0xff,0x00,0x00,0xfc,0x00,0x3f,0x00,0x1f,0xc0,0x0f,0xf0,0x03,0xfc,
  0x01,0xef,0x00,0xf3,0xc0,0x78,0xf0,0x1e,0x3c,0x0f,0x0f,0x07,0x83,0xc1,0xe0,0xf0,0x7f,0xff,0x9f,0xff,
  0xe7,0xff,0xf8,0x00,0xf0,0x00,0x3c,0x00,0x0f,0x00,0x03,0xc0,0x1f,0xfe,0x07,0xff,0x81,0xff,0xe0,0x78,
  0x00,0x1e,0x00,0x07,0x80,0x01,0xff,0x00,0x7f,0xf0,0x1f,0xfe,0x06,0x1f,0xc0,0x01,0xf0,0x00,0x7c,0x00,
  0x1f,0x00,0x07,0xc0,0x01,0xf0,0xc1,0xfc,0x3f,0xfe,0x0f,0xff,0x00,0xff,0x00,0x01,0xfc,0x01,0xff,0xc0,
  0xff,0xf0,0x7e,0x08,0x1e,0x00,0x0f,0x80,0x03,0xff,0x80,0xff,0xf8,0x3f,0xff,0x0f,0xc7,0xc3,0xe0,0xf8,
  0xf8,0x3e,0x3e,0x0f,0x8f,0x83,0xe3,0xe0,0xf0,0x7c,0x7c,0x0f,0xfe,0x01,0xff,0x00,0x3f,0x80,0x3f,0xff,
  0x0f,0xff,0xc3,0xff,0xf0,0x00,0x7c,0x00,0x3e,0x00,0x0f,0x80,0x07,0xc0,0x01,0xf0,0x00,0xf8,0x00,0x3e,
  0x00,0x0f,0x80,0x07,0xc0,0x01,0xf0,0x00,0xf8,0x00,0x3e,0x00,0x1f,0x00,0x07,0xc0,0x03,0xe0,0x00,0xf8,
  0x00,0x07,0xf8,0x07,0xff,0x81,0xff,0xe0,0xfc,0xfc,0x3e,0x1f,0x0f,0x87,0xc3,0xe1,0xf0,0x7c,0xf8,0x0f,
  0xfc,0x01,0xfe,0x01,0xff,0xe0,0xf8,0x7c,0x3c,0x0f,0x0f,0x03,0xe3,0xc0,0xf0,0xf8,0x7c,0x3f,0xff,0x07,
  0xff,0x80,0x7f,0x80,0x07,0xf0,0x03,0xfe,0x01,0xff,0xc0,0xf8,0xf8,0x3e,0x1f,0x1f,0x07,0xc7,0xc1,0xf1,
  0xf0,0x7c,0x7c,0x1f,0x0f,0x8f,0xc3,0xff,0xf0,0x7f,0xfc,0x07,0xef,0x00,0x07,0xc0,0x01,0xe0,0x41,0xf8,
  0x1f,0xfc,0x07,0xfe,0x00,0xfe,0x00,0x1f,0x07,0xc1,0xf0,0x7c,0x1f,0x00,0x00,0x00,0x00,0x00,0x07,0xc1,
  0xf0,0x7c,0x1f,0x07,0xc0,0x1f,0x07,0xc1,0xf0,0x7c,0x1f,0x00,0x00,0x00,0x00,0x00,0x07,0xc1,0xf0,0x7c,
  0x1f,0x07,0x83,0xe0,0xf0,0x38,0x0e,0x00,0x00,0x00,0x60,0x00,0x07,0x80,0x00,0xfe,0x00,0x1f,0xf0,0x01,
  0xff,0x00,0x3f,0xe0,0x01,0xfc,0x00,0x07,0xc0,0x00,0x1f,0xc0,0x00,0x3f,0xe0,0x00,0x1f,0xf0,0x00,0x1f,
  0xf0,0x00,0x0f,0xe0,0x00,0x07,0x80,0x00,0x06,0x00,0x00,0x00,0x1f,0xff,0xe0,0x7f,0xff,0x81,0xff,0xfe,
  0x00,0x00,0x00,0x00,0x00,0x00,0x00,0x00,0x01,0xff,0xfe,0x07,0xff,0xf8,0x1f,0xff,0xe0,0x00,0x00,0x00,
  0x00,0x00,0x00,0x00,0x00,0x00,0x00,0x00,0x10,0x00,0x00,0x78,0x00,0x01,0xfc,0x00,0x07,0xfc,0x00,0x03,
  0xfe,0x00,0x01,0xff,0x00,0x00,0xfe,0x00,0x00,0xf8,0x00,0x0f,0xe0,0x01,0xff,0x00,0x3f,0xe0,0x07,0xfc,
  0x00,0x1f,0xc0,0x00,0x78,0x00,0x01,0x00,0x00,0x00,0x00,0x00,0x3f,0xe0,0x7f,0xe0,0xff,0xe1,0x87,0xc0,
  0x07,0x80,0x1f,0x00,0x3e,0x01,0xf8,0x03,0xe0,0x0f,0x80,0x3e,0x00,0x7c,0x00,0x00,0x00,0x00,0x03,0xe0,
  0x07,0xc0,0x0f,0x80,0x1f,0x00,0x3e,0x00,0x00,0x3f,0x80,0x00,0x7f,0xf8,0x00,0x3e,0x0f,0x80,0x1c,0x00,
  0xf0,0x0e,0x00,0x1c,0x07,0x00,0x03,0x81,0xc3,0xec,0x70,0xe1,0xff,0x1c,0x38,0xf3,0xc3,0x0c,0x38,0x70,
  0xc3,0x0e,0x1c,0x30,0xc3,0x87,0x0c,0x30,0xe1,0xc7,0x0c,0x38,0x71,0x83,0x8f,0x3e,0xe0,0xe1,0xff,0xf0,
  0x18,0x3e,0xf0,0x07,0x00,0x00,0x00,0xe0,0x00,0x00,0x1c,0x00,0xc0,0x03,0xc0,0xf0,0x00,0x7f,0xf8,0x00,
  0x03,0xf8,0x00,0x01,0xf8,0x00,0x1f,0xc0,0x03,0xfc,0x00,0x3f,0xc0,0x07,0xfe,0x00,0x7f,0xe0,0x07,0x9e,
  0x00,0xf9,0xf0,0x0f,0x9f,0x00,0xf0,0xf8,0x1f,0x0f,0x81,0xf0,0xf8,0x3f,0xff,0xc3,0xff,0xfc,0x3f,0xff,
  0xc7,0xc0,0x3e,0x7c,0x03,0xe7,0xc0,0x1f,0xf8,0x01,0xf0,0x3f,0xfc,0x03,0xff,0xf0,0x3f,0xff,0x83,0xe0,
  0xf8,0x3e,0x0f,0x83,0xe0,0xf8,0x3e,0x0f,0x83,0xff,0xf0,0x3f,0xfe,0x03,0xff,0xf8,0x3e,0x0f,0x83,0xe0,
  0x7c,0x3e,0x07,0xc3,0xe0,0x7c,0x3e,0x07,0xc3,0xe0,0xfc,0x3f,0xff,0x83,0xff,0xf0,0x3f,0xfc,0x00,0x00,
  0xff,0x00,0xff,0xf0,0x3f,0xfe,0x0f,0xe0,0xc3,0xf0,0x00,0x7c,0x00,0x0f,0x80,0x03,0xf0,0x00,0x7c,0x00,
  0x0f,0x80,0x01,0xf0,0x00,0x3f,0x00,0x03,0xe0,0x00,0x7c,0x00,0x0f,0xc0,0x00,0xfe,0x0c,0x0f,0xff,0x80,
  0xff,0xf0,0x03,0xfc,0x00,0x3f,0xfc,0x00,0xff,0xfc,0x03,0xff,0xf8,0x0f,0x83,0xf0,0x3e,0x07,0xe0,0xf8,
  0x0f,0xc3,0xe0,0x1f,0x0f,0x80,0x7c,0x3e,0x01,0xf0,0xf8,0x07,0xc3,0xe0,0x1f,0x0f,0x80,0x7c,0x3e,0x01,
  0xf0,0xf8,0x0f,0xc3,0xe0,0x7e,0x0f,0x83,0xf0,0x3f,0xff,0x80,0xff,0xfc,0x03,0xff,0xc0,0x00,0x3f,0xff,
  0x0f,0xff,0xc3,0xff,0xf0,0xf8,0x00,0x3e,0x00,0x0f,0x80,0x03,0xe0,0x00,0xff,0xf8,0x3f,0xfe,0x0f,0xff,
  0x83,0xe0,0x00,0xf8,0x00,0x3e,0x00,0x0f,0x80,0x03,0xe0,0x00,0xf8,0x00,0x3f,0xff,0x0f,0xff,0xc3,0xff,
  0xf0,0x3f,0xff,0x0f,0xff,0xc3,0xff,0xf0,0xf8,0x00,0x3e,0x00,0x0f,0x80,0x03,0xe0,0x00,0xff,0xf8,0x3f,
  0xfe,0x0f,0xff,0x83,0xe0,0x00,0xf8,0x00,0x3e,0x00,0x0f,0x80,0x03,0xe0,0x00,0xf8,0x00,0x3e,0x00,0x0f,
  0x80,0x03,0xe0,0x00,0x00,0xff,0x80,0x3f,0xff,0x03,0xff,0xf8,0x3f,0x83,0xc3,0xf0,0x02,0x1f,0x00,0x00,
  0xf8,0x00,0x0f,0xc0,0x00,0x7c,0x0f,0xe3,0xe0,0x7f,0x1f,0x03,0xf8,0xfc,0x03,0xc3,0xe0,0x1e,0x1f,0x00,
  0xf0,0xfc,0x07,0x83,0xf8,0x7c,0x0f,0xff,0xe0,0x3f,0xff,0x00,0x3f,0xc0,0x3e,0x03,0xe0,0xf8,0x0f,0x83,
  0xe0,0x3e,0x0f,0x80,0xf8,0x3e,0x03,0xe0,0xf8,0x0f,0x83,0xe0,0x3e,0x0f,0xff,0xf8,0x3f,0xff,0xe0,0xff,
  0xff,0x83,0xe0,0x3e,0x0f,0x80,0xf8,0x3e,0x03,0xe0,0xf8,0x0f,0x83,0xe0,0x3e,0x0f,0x80,0xf8,0x3e,0x03,
  0xe0,0xf8,0x0f,0x83,0xe0,0x3e,0x00,0x3e,0x0f,0x83,0xe0,0xf8,0x3e,0x0f,0x83,0xe0,0xf8,0x3e,0x0f,0x83,
  0xe0,0xf8,0x3e,0x0f,0x83,0xe0,0xf8,0x3e,0x0f,0x83,0xe0,0x0f,0x80,0xf8,0x0f,0x80,0xf8,0x0f,0x80,0xf8,
  0x0f,0x80,0xf8,0x0f,0x80,0xf8,0x0f,0x80,0xf8,0x0f,0x80,0xf8,0x0f,0x80,0xf8,0x0f,0x80,0xf8,0x0f,0x80,
  0xf8,0x1f,0x8f,0xf0,0xfe,0x0f,0x80,0x3e,0x03,0xf1,0xf0,0x3f,0x0f,0x83,0xf0,0x7c,0x3f,0x03,0xe3,0xf0,
  0x1f,0x3e,0x00,0xff,0xe0,0x07,0xfe,0x00,0x3f,0xe0,0x01,0xff,0x00,0x0f,0xfc,0x00,0x7f,0xf0,0x03,0xef,
  0xc0,0x1f,0x3f,0x00,0xf8,0xfc,0x07,0xc3,0xf0,0x3e,0x0f,0xc1,0xf0,0x3f,0x0f,0x80,0xfe,0x3e,0x00,0x1f,
  0x00,0x0f,0x80,0x07,0xc0,0x03,0xe0,0x01,0xf0,0x00,0xf8,0x00,0x7c,0x00,0x3e,0x00,0x1f,0x00,0x0f,0x80,
  0x07,0xc0,0x03,0xe0,0x01,0xf0,0x00,0xf8,0x00,0x7c,0x00,0x3f,0xff,0x1f,0xff,0x8f,0xff,0xc0,0x3f,0x80,
  0x7f,0x0f,0xe0,0x1f,0xc3,0xfc,0x0f,0xf0,0xff,0x03,0xfc,0x3f,0xe1,0xff,0x0f,0xf8,0x7f,0xc3,0xee,0x3d,
  0xf0,0xfb,0xcf,0x7c,0x3e,0xf7,0x9f,0x0f,0x9f,0xe7,0xc3,0xe7,0xf9,0xf0,0xf8,0xfc,0x7c,0x3e,0x3f,0x1f,
  0x0f,0x87,0x87,0xc3,0xe1,0xe1,0xf0,0xf8,0x00,0x7c,0x3e,0x00,0x1f,0x0f,0x80,0x07,0xc3,0xe0,0x01,0xf0,
  0x3f,0x01,0xe0,0xfe,0x07,0x83,0xf8,0x1e,0x0f,0xf0,0x78,0x3f,0xc1,0xe0,0xff,0x87,0x83,0xfe,0x1e,0x0f,
  0xbc,0x78,0x3e,0xf1,0xe0,0xf9,0xe7,0x83,0xe7,0x9e,0x0f,0x8f,0x78,0x3e,0x3f,0xe0,0xf8,0x7f,0x83,0xe1,
  0xfe,0x0f,0x83,0xf8,0x3e,0x07,0xe0,0xf8,0x1f,0x83,0xe0,0x3e,0x00,0x01,0xfe,0x00,0x1f,0xfe,0x00,0xff,
  0xfc,0x07,0xe1,0xf8,0x3f,0x03,0xf0,0xf8,0x07,0xc3,0xe0,0x1f,0x1f,0x80,0x3e,0x7c,0x00,0xf9,0xf0,0x03,
  0xe7,0xc0,0x0f,0x9f,0x80,0x3e,0x3e,0x01,0xf0,0xf8,0x07,0xc3,0xf0,0x3f,0x07,0xe1,0xf8,0x0f,0xff,0xc0,
  0x1f,0xfe,0x00,0x1f,0xe0,0x00,0x3f,0xfc,0x07,0xff,0xe0,0xff,0xfe,0x1f,0x07,0xe3,0xe0,0x7c,0x7c,0x0f,
  0x8f,0x81,0xf1,0xf0,0x3e,0x3e,0x0f,0xc7,0xff,0xf0,0xff,0xfc,0x1f,0xfe,0x03,0xe0,0x00,0x7c,0x00,0x0f,
  0x80,0x01,0xf0,0x00,0x3e,0x00,0x07,0xc0,0x00,0xf8,0x00,0x00,0x01,0xfe,0x00,0x1f,0xfe,0x00,0xff,0xfc,
  0x07,0xe1,0xf8,0x3f,0x03,0xf0,0xf8,0x07,0xc3,0xe0,0x1f,0x1f,0x80,0x3e,0x7c,0x00,0xf9,0xf0,0x03,0xe7,
  0xc0,0x0f,0x9f,0x80,0x3e,0x3e,0x01,0xf0,0xf8,0x07,0xc3,0xf0,0x3f,0x07,0xe1,0xf8,0x0f,0xff,0xc0,0x1f,
  0xfe,0x00,0x1f,0xf0,0x00,0x03,0xe0,0x00,0x07,0x80,0x00,0x1f,0x00,0x00,0x3e,0x00,0x3f,0xfc,0x03,0xff,
  0xf0,0x3f,0xff,0x03,0xe1,0xf8,0x3e,0x0f,0x83,0xe0,0xf8,0x3e,0x0f,0x83,0xe0,0xf8,0x3e,0x1f,0x03,0xff,
  0xe0,0x3f,0xfc,0x03,0xff,0xe0,0x3e,0x3f,0x03,0xe1,0xf8,0x3e,0x0f,0x83,0xe0,0xfc,0x3e,0x07,0xc3,0xe0,
  0x7e,0x3e,0x03,0xe0,0x07,0xfc,0x01,0xff,0xe0,0x7f,0xfc,0x1f,0x07,0x83,0xe0,0x10,0x78,0x00,0x0f,0x80,
  0x01,0xfe,0x00,0x3f,0xfc,0x03,0xff,0xc0,0x1f,0xfc,0x00,0x7f,0xc0,0x01,0xf8,0x00,0x1f,0x08,0x03,0xe1,
  0xe0,0xf8,0x3f,0xff,0x07,0xff,0xc0,0x3f,0xe0,0x00,0xff,0xff,0xff,0xff,0xff,0xff,0xfc,0x0f,0x80,0x03,
  0xe0,0x00,0xf8,0x00,0x3e,0x00,0x0f,0x80,0x03,0xe0,0x00,0xf8,0x00,0x3e,0x00,0x0f,0x80,0x03,0xe0,0x00,
  0xf8,0x00,0x3e,0x00,0x0f,0x80,0x03,0xe0,0x00,0xf8,0x00,0x3e,0x00,0x3e,0x03,0xe1,0xf0,0x1f,0x0f,0x80,
  0xf8,0x7c,0x07,0xc3,0xe0,0x3e,0x1f,0x01,0xf0,0xf8,0x0f,0x87,0xc0,0x7c,0x3e,0x03,0xe1,0xf0,0x1f,0x0f,
  0x80,0xf8,0x7c,0x07,0xc3,0xe0,0x3e,0x1f,0x81,0xf0,0x7c,0x1f,0x03,0xf1,0xf8,0x0f,0xff,0x80,0x3f,0xf8,
  0x00,0x7f,0x00,0xf8,0x01,0xf7,0xc0,0x3f,0x7c,0x03,0xe7,0xc0,0x3e,0x3e,0x07,0xc3,0xe0,0x7c,0x3e,0x07,
  0xc1,0xf0,0xf8,0x1f,0x0f,0x80,0xf8,0xf8,0x0f,0x9f,0x00,0xf9,0xf0,0x07,0xde,0x00,0x7f,0xe0,0x07,0xfe,
  0x00,0x3f,0xc0,0x03,0xfc,0x00,0x1f,0xc0,0x01,0xf8,0x00,0x7c,0x0f,0x81,0xf3,0xe0,0x7c,0x0f,0x9f,0x07,
  0xe0,0x78,0x78,0x3f,0x87,0xc3,0xe1,0xfc,0x3e,0x1f,0x0f,0xe1,0xf0,0xf8,0xf7,0x0f,0x07,0xc7,0xbc,0xf8,
  0x1f,0x39,0xe7,0xc0,0xf9,0xcf,0x3e,0x07,0xde,0x39,0xe0,0x3e,0xf1,0xdf,0x00,0xff,0x8f,0xf8,0x07,0xf8,
  0x7f,0xc0,0x3f,0xc1,0xfe,0x01,0xfe,0x0f,0xe0,0x07,0xf0,0x7f,0x00,0x3f,0x03,0xf8,0x01,0xf8,0x0f,0xc0,
  0x7c,0x03,0xe3,0xe0,0x7c,0x3f,0x0f,0xc1,0xf0,0xf8,0x0f,0x9f,0x00,0xff,0xf0,0x07,0xfe,0x00,0x3f,0xc0,
  0x03,0xfc,0x00,0x1f,0x80,0x03,0xfc,0x00,0x3f,0xe0,0x07,0xfe,0x00,0xf9,0xf0,0x1f,0x9f,0x81,0xf0,0xf8,
  0x3e,0x07,0xc7,0xe0,0x7e,0x7c,0x03,0xe0,0x7c,0x03,0xf1,0xf0,0x1f,0x0f,0xc1,0xf8,0x3e,0x1f,0x80,0xf8,
  0xf8,0x07,0xef,0xc0,0x1f,0xfc,0x00,0x7f,0xc0,0x03,0xfe,0x00,0x0f,0xe0,0x00,0x3e,0x00,0x01,0xf0,0x00,
  0x0f,0x80,0x00,0x7c,0x00,0x03,0xe0,0x00,0x1f,0x00,0x00,0xf8,0x00,0x07,0xc0,0x00,0x3e,0x00,0x7f,0xff,
  0x8f,0xff,0xf1,0xff,0xfe,0x00,0x0f,0xc0,0x03,0xf0,0x00,0xfe,0x00,0x1f,0x80,0x07,0xe0,0x01,0xf8,0x00,
  0x7e,0x00,0x1f,0xc0,0x03,0xf0,0x00,0xfc,0x00,0x3f,0x00,0x0f,0xc0,0x03,0xf8,0x00,0x7f,0xff,0xcf,0xff,
  0xf9,0xff,0xff,0x00,0x3f,0xc3,0xfc,0x3f,0xc3,0xe0,0x3e,0x03,0xe0,0x3e,0x03,0xe0,0x3e,0x03,0xe0,0x3e,
  0x03,0xe0,0x3e,0x03,0xe0,0x3e,0x03,0xe0,0x3e,0x03,0xe0,0x3e,0x03,0xe0,0x3f,0xc3,0xfc,0x3f,0xc0,0xe0,
  0x38,0x07,0x01,0xc0,0x70,0x0e,0x03,0x80,0xe0,0x1c,0x07,0x01,0xc0,0x38,0x0e,0x03,0x80,0x60,0x1c,0x07,
  0x01,0xc0,0x38,0x0e,0x03,0x80,0x3f,0xc3,0xfc,0x3f,0xc0,0x7c,0x07,0xc0,0x7c,0x07,0xc0,0x7c,0x07,0xc0,
  0x7c,0x07,0xc0,0x7c,0x07,0xc0,0x7c,0x07,0xc0,0x7c,0x07,0xc0,0x7c,0x07,0xc0,0x7c,0x3f,0xc3,0xfc,0x3f,
  0xc0,0x00,0x78,0x00,0x03,0xf0,0x00,0x1f,0xe0,0x00,0xff,0xc0,0x07,0x87,0x80,0x3c,0x0f,0x01,0xc0,0x1e,
  0x00,0x00,0x00,0x00,0x00,0x00,0x00,0x00,0x00,0x00,0x00,0x00,0x00,0x00,0x00,0x00,0x00,0x00,0x00,0x00,
  0x00,0x00,0x00,0x00,0x00,0x00,0x00,0x00,0x00,0x00,0x00,0x00,0x00,0x00,0x00,0x00,0x00,0x00,0x00,0x00,
  0x0f,0xff,0xff,0xfc,0x38,0x00,0xe0,0x07,0x80,0x1c,0x00,0x70,0x00,0x00,0x00,0x00,0x00,0x00,0x00,0x00,
  0x00,0x00,0x00,0x00,0x00,0x00,0x00,0x00,0x00,0x00,0x00,0x00,0x00,0x00,0x00,0x00,0x00,0x00,0x00,0x0f,
  0xf0,0x0f,0xff,0x03,0xff,0xe0,0xc0,0xf8,0x00,0x1e,0x03,0xff,0xc3,0xff,0xf0,0xff,0xfc,0x7c,0x1f,0x1f,
  0x07,0xc7,0xc3,0xf1,0xff,0xfc,0x3f,0xff,0x03,0xe7,0xc0,0x3e,0x00,0x07,0xc0,0x00,0xf8,0x00,0x1f,0x00,
  0x03,0xe0,0x00,0x7c,0x00,0x0f,0x9f,0x01,0xff,0xf0,0x3f,0xff,0x07,0xe3,0xf0,0xf8,0x3e,0x1f,0x07,0xc3,
  0xe0,0x78,0x7c,0x0f,0x0f,0x83,0xe1,0xf0,0x7c,0x3f,0x1f,0x87,0xff,0xe0,0xff,0xf8,0x1f,0x3e,0x00,0x03,
  0xf0,0x1f,0xf8,0x7f,0xf1,0xf8,0x67,0xe0,0x0f,0x80,0x1f,0x00,0x3e,0x00,0x7c,0x00,0xfc,0x00,0xfc,0x30,
  0xff,0xe0,0xff,0xc0,0x7e,0x00,0x00,0x0f,0x00,0x01,0xe0,0x00,0x3c,0x00,0x07,0x80,0x00,0xf0,0x00,0x1e,
  0x01,0xf3,0xc0,0xff,0xf8,0x3f,0xff,0x07,0xc7,0xe1,0xf0,0x7c,0x3e,0x07,0x87,0xc0,0xf0,0xf8,0x1e,0x1f,
  0x03,0xc3,0xe0,0xf8,0x3e,0x3f,0x07,0xff,0xe0,0x7f,0xfc,0x03,0xe7,0x80,0x03,0xf0,0x03,0xff,0x01,0xff,
  0xe0,0xf8,0xf8,0x7c,0x1f,0x1f,0x03,0xc7,0xff,0xf1,0xff,0xfc,0x7f,0xff,0x1f,0x00,0x03,0xe0,0x70,0x7f,
  0xfc,0x0f,0xff,0x00,0xff,0x00,0x07,0xf0,0xff,0x1f,0xf1,0xf0,0x1e,0x01,0xe0,0xff,0xef,0xfe,0xff,0xe1,
  0xe0,0x1e,0x01,0xe0,0x1e,0x01,0xe0,0x1e,0x01,0xe0,0x1e,0x01,0xe0,0x1e,0x01,0xe0,0x07,0xcf,0x03,0xff,
  0xe0,0xff,0xfc,0x1f,0x1f,0x87,0xe1,0xf0,0xf8,0x1e,0x1f,0x03,0xc3,0xe0,0x78,0x7c,0x0f,0x0f,0x83,0xe0,
  0xf8,0xfc,0x1f,0xff,0x81,0xff,0xf0,0x0f,0x9e,0x00,0x07,0xc0,0xc1,0xf8,0x1f,0xfe,0x03,0xff,0x80,0x3f,
  0xc0,0x00,0x3e,0x00,0x07,0xc0,0x00,0xf8,0x00,0x1f,0x00,0x03,0xe0,0x00,0x7c,0x00,0x0f,0x9f,0x01,0xff,
  0xf0,0x3f,0xff,0x07,0xe3,0xe0,0xf8,0x3c,0x1f,0x07,0xc3,0xe0,0xf8,0x7c,0x1f,0x0f,0x83,0xe1,0xf0,0x7c,
  0x3e,0x0f,0x87,0xc1,0xf0,0xf8,0x3e,0x1f,0x07,0xc0,0x3e,0x1f,0x0f,0x87,0xc0,0x00,0x00,0xf8,0x7c,0x3e,
  0x1f,0x0f,0x87,0xc3,0xe1,0xf0,0xf8,0x7c,0x3e,0x1f,0x0f,0x87,0xc0,0x1f,0x07,0xc1,0xf0,0x7c,0x00,0x00,
  0x01,0xf0,0x7c,0x1f,0x07,0xc1,0xf0,0x7c,0x1f,0x07,0xc1,0xf0,0x7c,0x1f,0x07,0xc1,0xf0,0x7c,0x1f,0x0f,
  0xcf,0xe3,0xf0,0xf8,0x00,0x3e,0x00,0x0f,0x80,0x03,0xe0,0x00,0xf8,0x00,0x3e,0x00,0x0f,0x80,0x03,0xe1,
  0xf8,0xf8,0xfc,0x3e,0x7e,0x0f,0xbf,0x03,0xff,0x00,0xff,0x80,0x3f,0xe0,0x0f,0xf8,0x03,0xff,0x00,0xfb,
  0xe0,0x3e,0x7c,0x0f,0x8f,0x83,0xe1,0xf0,0xf8,0x3e,0x3e,0x1f,0x0f,0x87,0xc3,0xe1,0xf0,0xf8,0x7c,0x3e,
  0x1f,0x0f,0x87,0xc3,0xe1,0xf0,0xf8,0x7c,0x3e,0x1f,0x0f,0x87,0xc0,0x3e,0x78,0x3e,0x07,0xff,0xdf,0xe0,
  0xff,0xff,0xfe,0x1f,0x8f,0xc7,0xc3,0xe1,0xf0,0xf8,0x7c,0x3e,0x1f,0x0f,0x87,0xc3,0xe1,0xf0,0xf8,0x7c,
  0x3e,0x1f,0x0f,0x87,0xc3,0xe1,0xf0,0xf8,0x7c,0x3e,0x1f,0x0f,0x87,0xc3,0xe1,0xf0,0xf8,0x7c,0x3e,0x1f,
  0x00,0x3e,0x7c,0x07,0xff,0xc0,0xff,0xfc,0x1f,0x8f,0x83,0xe0,0xf0,0x7c,0x1f,0x0f,0x83,0xe1,0xf0,0x7c,
  0x3e,0x0f,0x87,0xc1,0xf0,0xf8,0x3e,0x1f,0x07,0xc3,0xe0,0xf8,0x7c,0x1f,0x00,0x07,0xf0,0x03,0xff,0x01,
  0xff,0xe0,0xf8,0x7c,0x7e,0x1f,0x1f,0x03,0xe7,0xc0,0xf9,0xf0,0x3e,0x7c,0x0f,0x9f,0x87,0xc3,0xe1,0xf0,
  0x7f,0xf8,0x0f,0xfc,0x01,0xfc,0x00,0x3e,0x7c,0x07,0xff,0xc0,0xff,0xfc,0x1f,0x8f,0xc3,0xe0,0xf8,0x7c,
  0x1f,0x0f,0x81,0xe1,0xf0,0x3c,0x3e,0x0f,0x87,0xc1,0xf0,0xfc,0x7e,0x1f,0xff,0x83,0xff,0xe0,0x7c,0xf8,
  0x0f,0x80,0x01,0xf0,0x00,0x3e,0x00,0x07,0xc0,0x00,0xf8,0x00,0x00,0x07,0xcf,0x03,0xff,0xe0,0xff,0xfc,
  0x1f,0x1f,0x87,0xc1,0xf0,0xf8,0x1e,0x1f,0x03,0xc3,0xe0,0x78,0x7c,0x0f,0x0f,0x83,0xe0,0xf8,0xfc,0x1f,
  0xff,0x81,0xff,0xf0,0x0f,0x9e,0x00,0x03,0xc0,0x00,0x78,0x00,0x0f,0x00,0x01,0xe0,0x00,0x3c,0x00,0x3e,
  0x79,0xf7,0xcf,0xfe,0x7f,0x13,0xf0,0x1f,0x00,0xf8,0x07,0xc0,0x3e,0x01,0xf0,0x0f,0x80,0x7c,0x03,0xe0,
  0x1f,0x00,0x0f,0xf0,0x7f,0xf0,0xff,0xe3,0xe0,0xc7,0xc0,0x0f,0xf0,0x0f,0xfe,0x0f,0xfe,0x01,0xfc,0x00,
  0x78,0xc1,0xf3,0xff,0xe7,0xff,0x83,0xfc,0x00,0x1e,0x01,0xe0,0x1e,0x01,0xe0,0xff,0xff,0xff,0xff,0xf1,
  0xe0,0x1e,0x01,0xe0,0x1e,0x01,0xe0,0x1e,0x01,0xe0,0x1f,0x01,0xff,0x1f,0xf0,0x7f,0x3e,0x0f,0x07,0xc1,
  0xe0,0xf8,0x3c,0x1f,0x07,0x83,0xe0,0xf0,0x7c,0x1e,0x0f,0x83,0xc1,0xf0,0x78,0x3e,0x1f,0x07,0xc3,0xe0,
  0xfc,0xfc,0x0f,0xff,0x81,0xff,0xf0,0x1f,0x9e,0x00,0x78,0x0f,0x3e,0x0f,0x9f,0x07,0xc7,0x83,0xc3,0xe3,
  0xe0,0xf1,0xe0,0x78,0xf0,0x3e,0xf8,0x0f,0x78,0x07,0xfc,0x01,0xfc,0x00,0xfe,0x00,0x7f,0x00,0x1f,0x00,
  0x7c,0x3c,0x1e,0x7c,0x3c,0x3e,0x3c,0x7e,0x3e,0x3c,0x7e,0x3c,0x3e,0x7e,0x7c,0x3e,0x7e,0x7c,0x1e,0xff,
  0x78,0x1e,0xe7,0x78,0x1f,0xe7,0xf8,0x1f,0xe7,0xf8,0x0f,0xe7,0xf0,0x0f,0xc3,0xf0,0x0f,0xc3,0xf0,0x0f,
  0xc3,0xf0,0x7c,0x1f,0x1f,0x1f,0x0f,0x9f,0x03,0xef,0x80,0xff,0x80,0x3f,0x80,0x1f,0x80,0x0f,0xe0,0x0f,
  0xf0,0x07,0xfc,0x07,0xdf,0x07,0xc7,0xc7,0xc3,0xe3,0xe0,0xf8,0xf8,0x0f,0x3e,0x0f,0x9f,0x07,0xc7,0x83,
  0xc3,0xe3,0xe0,0xf1,0xe0,0x7c,0xf0,0x1e,0xf8,0x0f,0x78,0x07,0xfc,0x01,0xfc,0x00,0xfe,0x00,0x3e,0x00,
  0x1f,0x00,0x0f,0x80,0x07,0x80,0x1f,0xc0,0x0f,0xc0,0x07,0xc0,0x00,0x7f,0xfc,0xff,0xf9,0xff,0xf0,0x07,
  0xe0,0x1f,0x80,0x7e,0x01,0xf8,0x07,0xe0,0x1f,0x80,0x7e,0x01,0xf8,0x03,0xff,0xe7,0xff,0xcf,0xff,0x80,
  0x00,0x7e,0x00,0x1f,0xc0,0x03,0xf8,0x00,0xf8,0x00,0x1f,0x00,0x03,0xe0,0x00,0x7c,0x00,0x0f,0x80,0x01,
  0xf0,0x00,0x3c,0x00,0x0f,0x80,0x0f,0xf0,0x01,0xfc,0x00,0x3f,0xc0,0x00,0xf8,0x00,0x0f,0x80,0x01,0xf0,
  0x00,0x3e,0x00,0x07,0xc0,0x00,0xf8,0x00,0x1f,0x00,0x01,0xfc,0x00,0x3f,0x80,0x03,0xf0,0x1c,0x07,0x01,
  0xc0,0x70,0x1c,0x07,0x01,0xc0,0x70,0x1c,0x07,0x01,0xc0,0x70,0x1c,0x07,0x01,0xc0,0x70,0x1c,0x07,0x01,
  0xc0,0x70,0x1c,0x07,0x01,0xc0,0x70,0x1c,0x07,0x00,0x1f,0x80,0x03,0xf8,0x00,0x7f,0x80,0x01,0xf0,0x00,
  0x1e,0x00,0x03,0xc0,0x00,0x78,0x00,0x0f,0x00,0x01,0xe0,0x00,0x3e,0x00,0x07,0xc0,0x00,0x7f,0x00,0x07,
  0xe0,0x01,0xfc,0x00,0x7c,0x00,0x0f,0x80,0x01,0xe0,0x00,0x3c,0x00,0x07,0x80,0x00,0xf0,0x00,0x3e,0x00,
  0x3f,0xc0,0x07,0xf0,0x00,0xfc,0x00,0x00,0x00,0x00,0x1f,0x00,0x81,0xff,0x8e,0x07,0xff,0xf8,0x18,0x7f,
  0xc0,0x40,0x3e,0x00,0x00,0x00,0x00,0x00,0x00,0x00,0x00,0x00,0x00,0x00,0x00,0x00,0x00,0x00,0x00,0x00,
  0x0f,0x80,0xfe,0x06,0x30,0x71,0xc3,0x06,0x1c,0x60,0x7f,0x01,0xf0,0x00,0x00,0x00,0x00,0x00,0x00,0x00,
  0x00,0x00,0x00,0x00,0x00,0x00,0x00,0x00,0x00,0x00,0x00,0x1e,0x07,0x81,0xe0,0x78,0x1e,0x00,0x00,0x00,
  0x00,0x00,0x00,0x00,0x00,0x00,0x70,0x00,0x03,0xe0,0x00,0x1f,0xc0,0x00,0xff,0x80,0x07,0xff,0x00,0x1d,
  0xcc,0x00,0x27,0x00,0x00,0x1c,0x00,0x00,0x70,0x00,0x01,0xc0,0x00,0x07,0x00,0x00,0x1c,0x00,0x00,0x70,
  0x00,0x01,0xc0,0x00,0x07,0x00,0x00,0x1c,0x00,0x00,0x70,0x00,0x01,0xc0,0x00,0x07,0x00,0x00,0x00,0x70,
  0x00,0x01,0xc0,0x00,0x07,0x00,0x00,0x1c,0x00,0x00,0x70,0x00,0x01,0xc0,0x00,0x07,0x00,0x00,0x1c,0x00,
  0x00,0x70,0x00,0x01,0xc0,0x00,0x07,0x00,0x00,0x1c,0x00,0x02,0x70,0x00,0x1d,0xcc,0x00,0x7f,0xf0,0x00,
  0xff,0x80,0x01,0xfc,0x00,0x03,0xe0,0x00,0x07,0x00,0x00,0x1f,0xff,0xe0,0x7f,0xff,0x81,0xff,0xfe,0x00,
  0x00,0x00,0x00,0x00,0x00,0x00,0x00,0x00,0x00,0x00,0x00,0x00,0x00,0x00,0x00,0x00,0x00,0x00,0x00,
};
static const Glyph font_title_glyphs[] = {
  {0x0020,0,0,0,0,0,9},
  {0x0021,0,12,19,0,-19,12},
  {0x0022,29,14,19,0,-19,14},
  {0x0023,63,22,19,0,-19,22},
  {0x0024,116,18,24,0,-20,18},
  {0x0025,170,26,19,0,-19,26},
  {0x0026,232,23,19,0,-19,23},
  {0x0027,287,8,19,0,-19,8},
  {0x0028,306,12,23,0,-20,12},
  {0x0029,341,12,23,0,-20,12},
  {0x002a,376,14,19,0,-19,14},
  {0x002b,410,22,17,0,-17,22},
  {0x002c,457,10,9,0,-5,10},
  {0x002d,469,11,10,0,-10,11},
  {0x002e,483,10,5,0,-5,10},
  {0x002f,490,10,21,0,-19,10},
  {0x0030,517,18,19,0,-19,18},
  {0x0031,560,18,19,0,-19,18},
  {0x0032,603,18,19,0,-19,18},
  {0x0033,646,18,19,0,-19,18},
  {0x0034,689,18,19,0,-19,18},
  {0x0035,732,18,19,0,-19,18},
  {0x0036,775,18,19,0,-19,18},
  {0x0037,818,18,19,0,-19,18},
  {0x0038,861,18,19,0,-19,18},
  {0x0039,904,18,19,0,-19,18},
  {0x003a,947,10,14,0,-14,10},
  {0x003b,965,10,18,0,-14,10},
  {0x003c,988,22,16,0,-16,22},
  {0x003d,1032,22,13,0,-13,22},
  {0x003e,1068,22,16,0,-16,22},
  {0x003f,1112,15,19,0,-19,15},
  {0x0040,1148,26,23,0,-19,26},
  {0x0041,1223,20,19,0,-19,20},
  {0x0042,1271,20,19,0,-19,20},
  {0x0043,1319,19,19,0,-19,19},
  {0x0044,1365,22,19,0,-19,22},
  {0x0045,1418,18,19,0,-19,18},
  {0x0046,1461,18,19,0,-19,18},
  {0x0047,1504,21,19,0,-19,21},
  {0x0048,1554,22,19,0,-19,22},
  {0x0049,1607,10,19,0,-19,10},
  {0x004a,1631,12,24,-2,-19,10},
  {0x004b,1667,21,19,0,-19,20},
  {0x004c,1717,17,19,0,-19,17},
  {0x004d,1758,26,19,0,-19,26},
  {0x004e,1820,22,19,0,-19,22},
  {0x004f,1873,22,19,0,-19,22},
  {0x0050,1926,19,19,0,-19,19},
  {0x0051,1972,22,23,0,-19,22},
  {0x0052,2036,20,19,0,-19,20},
  {0x0053,2084,19,19,0,-19,19},
  {0x0054,2130,18,19,0,-19,18},
  {0x0055,2173,21,19,0,-19,21},
  {0x0056,2223,20,19,0,-19,20},
  {0x0057,2271,29,19,0,-19,29},
  {0x0058,2340,20,19,0,-19,20},
  {0x0059,2388,21,19,-1,-19,19},
  {0x005a,2438,19,19,0,-19,19},
  {0x005b,2484,12,23,0,-20,12},
  {0x005c,2519,10,21,0,-19,10},
  {0x005d,2546,12,23,0,-20,12},
  {0x005e,2581,22,19,0,-19,22},
  {0x005f,2634,13,6,0,0,13},
  {0x0060,2644,13,21,0,-21,13},
  {0x0061,2679,18,14,0,-14,18},
  {0x0062,2711,19,20,0,-20,19},
  {0x0063,2759,15,14,0,-14,15},
  {0x0064,2786,19,20,0,-20,19},
  {0x0065,2834,18,14,0,-14,18},
  {0x0066,2866,12,20,0,-20,11},
  {0x0067,2896,19,19,0,-14,19},
  {0x0068,2942,19,20,0,-20,19},
  {0x0069,2990,9,20,0,-20,9},
  {0x006a,3013,10,25,-1,-20,9},
  {0x006b,3045,18,20,0,-20,17},
  {0x006c,3090,9,20,0,-20,9},
  {0x006d,3113,27,14,0,-14,27},
  {0x006e,3161,19,14,0,-14,19},
  {0x006f,3195,18,14,0,-14,18},
  {0x0070,3227,19,19,0,-14,19},
  {0x0071,3273,19,19,0,-14,19},
  {0x0072,3319,13,14,0,-14,13},
  {0x0073,3342,15,14,0,-14,15},
  {0x0074,3369,12,18,0,-18,12},
  {0x0075,3396,19,14,0,-14,19},
  {0x0076,3430,17,14,0,-14,17},
  {0x0077,3460,24,14,0,-14,24},
  {0x0078,3502,17,14,0,-14,17},
  {0x0079,3532,17,19,0,-14,17},
  {0x007a,3573,15,14,0,-14,15},
  {0x007b,3600,19,24,0,-20,19},
  {0x007c,3657,10,26,0,-20,10},
  {0x007d,3690,19,24,0,-20,19},
  {0x007e,3747,22,12,0,-12,22},
  {0x00b0,3780,13,19,0,-19,13},
  {0x00b7,3811,10,11,0,-11,10},
  {0x2191,3825,22,19,0,-19,22},
  {0x2193,3878,22,19,0,-19,22},
  {0x2212,3931,22,10,0,-10,22},
};
static const Font font_title = { font_title_bits, font_title_glyphs, 100, 25, 7 };

// DejaVuSans-Bold.ttf @ 36px
static const uint8_t font_headline_bits[] = {
  0x07,0xe0,0x07,0xe0,0x07,0xe0,0x07,0xe0,0x07,0xe0,0x07,0xe0,0x07,0xe0,0x07,0xe0,0x07,0xe0,0x07,0xe0,
  0x07,0xe0,0x07,0xe0,0x07,0xe0,0x07,0xe0,0x03,0xe0,0x03,0xe0,0x03,0xe0,0x00,0x00,0x00,0x00,0x00,0x00,
  0x07,0xe0,0x07,0xe0,0x07,0xe0,0x07,0xe0,0x07,0xe0,0x07,0xe0,0x1f,0x1e,0x03,0xe3,0xc0,0x7c,0x78,0x0f,
  0x8f,0x01,0xf1,0xe0,0x3e,0x3c,0x07,0xc7,0x80,0xf8,0xf0,0x1f,0x1e,0x03,0xe3,0xc0,0x00,0x00,0x00,0x00,
  0x00,0x00,0x00,0x00,0x00,0x00,0x00,0x00,0x00,0x00,0x00,0x00,0x00,0x00,0x00,0x00,0x00,0x00,0x00,0x00,
  0x00,0x00,0x00,0x00,0x00,0x00,0x00,0x00,0x00,0x00,0x00,0x00,0x00,0x00,0x00,0x0f,0x0f,0x00,0x00,0x3c,
  0x3c,0x00,0x01,0xe0,0xf0,0x00,0x07,0x83,0xc0,0x00,0x1e,0x1e,0x00,0x00,0xf8,0x78,0x00,0xff,0xff,0xff,
  0x03,0xff,0xff,0xfc,0x0f,0xff,0xff,0xf0,0x3f,0xff,0xff,0xc0,0x07,0x83,0xc0,0x00,0x1e,0x0f,0x00,0x00,
  0x78,0x78,0x00,0x01,0xe1,0xe0,0x00,0x0f,0x07,0x80,0x0f,0xff,0xff,0xf0,0x3f,0xff,0xff,0xc0,0xff,0xff,
  0xff,0x03,0xff,0xff,0xfc,0x00,0x78,0x3c,0x00,0x01,0xe1,0xf0,0x00,0x07,0x87,0x80,0x00,0x3c,0x1e,0x00,
  0x00,0xf0,0x78,0x00,0x03,0xc1,0xe0,0x00,0x0f,0x0f,0x00,0x00,0x00,0x1c,0x00,0x00,0x0e,0x00,0x00,0x07,
  0x00,0x00,0x03,0x80,0x00,0x0f,0xf8,0x00,0x1f,0xff,0x80,0x3f,0xff,0xe0,0x1f,0xff,0xf0,0x1f,0xdc,0x78,
  0x0f,0xce,0x04,0x07,0xe7,0x00,0x03,0xf3,0x80,0x01,0xfd,0xc0,0x00,0xff,0xf8,0x00,0x3f,0xff,0x80,0x0f,
  0xff,0xf0,0x03,0xff,0xfc,0x00,0x3f,0xfe,0x00,0x07,0xff,0x00,0x03,0x8f,0xc0,0x01,0xc7,0xe0,0x80,0xe3,
  0xf0,0x78,0x73,0xf0,0x3f,0xff,0xf8,0x1f,0xff,0xf8,0x0f,0xff,0xf8,0x01,0xff,0xf0,0x00,0x03,0x80,0x00,
  0x01,0xc0,0x00,0x00,0xe0,0x00,0x00,0x70,0x00,0x00,0x38,0x00,0x07,0xe0,0x00,0xf0,0x01,0xff,0x80,0x1e,
  0x00,0x3f,0xfc,0x01,0xe0,0x03,0xe7,0xe0,0x3c,0x00,0x7c,0x3e,0x07,0x80,0x07,0xc1,0xe0,0x78,0x00,0x7c,
  0x1e,0x0f,0x00,0x07,0xc1,0xe1,0xf0,0x00,0x7c,0x1e,0x1e,0x00,0x07,0xc3,0xe3,0xc0,0x00,0x3e,0x7c,0x3c,
  0x00,0x03,0xff,0xc7,0x80,0x00,0x1f,0xf8,0xf0,0x7e,0x00,0x7e,0x0f,0x1f,0xf8,0x00,0x01,0xe3,0xff,0xc0,
  0x00,0x3c,0x3e,0x7c,0x00,0x03,0xc7,0xc3,0xe0,0x00,0x78,0x7c,0x3e,0x00,0x07,0x87,0x83,0xe0,0x00,0xf0,
  0x78,0x3e,0x00,0x1e,0x07,0xc3,0xe0,0x01,0xe0,0x7c,0x3e,0x00,0x3c,0x03,0xe7,0xc0,0x07,0x80,0x3f,0xfc,
  0x00,0x78,0x01,0xff,0x80,0x0f,0x00,0x07,0xe0,0x00,0x3f,0xe0,0x00,0x01,0xff,0xf0,0x00,0x07,0xff,0xe0,
  0x00,0x0f,0xff,0xc0,0x00,0x3f,0x83,0x80,0x00,0x7f,0x01,0x00,0x00,0xfe,0x00,0x00,0x01,0xfc,0x00,0x00,
  0x01,0xfc,0x00,0x00,0x03,0xfc,0x00,0x00,0x0f,0xfc,0x07,0xe0,0x3f,0xfc,0x0f,0xc0,0xff,0xfc,0x1f,0x03,
  0xfb,0xfc,0x7e,0x07,0xe3,0xfc,0xfc,0x1f,0x83,0xff,0xf0,0x3f,0x03,0xff,0xe0,0x7e,0x03,0xff,0x80,0xfe,
  0x03,0xff,0x01,0xfe,0x03,0xfc,0x01,0xfe,0x0f,0xfc,0x03,0xff,0xff,0xf8,0x03,0xff,0xff,0xf8,0x03,0xff,
  0xff,0xf8,0x03,0xff,0xe7,0xf8,0x01,0xff,0x07,0xf8,0x1f,0x03,0xe0,0x7c,0x0f,0x81,0xf0,0x3e,0x07,0xc0,
  0xf8,0x1f,0x03,0xe0,0x00,0x00,0x00,0x00,0x00,0x00,0x00,0x00,0x00,0x00,0x00,0x00,0x00,0x00,0x00,0x00,
  0x00,0x00,0x00,0x00,0x00,0x00,0x00,0xf8,0x01,0xf8,0x01,0xf0,0x03,0xf0,0x03,0xf0,0x07,0xe0,0x07,0xe0,
  0x07,0xc0,0x0f,0xc0,0x0f,0xc0,0x0f,0xc0,0x1f,0xc0,0x1f,0x80,0x1f,0x80,0x1f,0x80,0x1f,0x80,0x1f,0x80,
  0x1f,0x80,0x1f,0x80,0x1f,0x80,0x1f,0xc0,0x0f,0xc0,0x0f,0xc0,0x0f,0xc0,0x07,0xc0,0x07,0xe0,0x07,0xe0,
  0x03,0xf0,0x03,0xf0,0x01,0xf0,0x01,0xf8,0x00,0xf8,0x1f,0x00,0x0f,0x80,0x0f,0xc0,0x07,0xc0,0x07,0xe0,
  0x07,0xe0,0x03,0xe0,0x03,0xf0,0x03,0xf0,0x01,0xf0,0x01,0xf8,0x01,0xf8,0x01,0xf8,0x01,0xf8,0x01,0xf8,
  0x01,0xf8,0x01,0xf8,0x01,0xf8,0x01,0xf8,0x01,0xf8,0x01,0xf8,0x01,0xf8,0x01,0xf8,0x03,0xf0,0x03,0xf0,
  0x03,0xf0,0x07,0xe0,0x07,0xe0,0x07,0xc0,0x0f,0xc0,0x0f,0x80,0x1f,0x00,0x00,0xe0,0x00,0x1c,0x00,0x03,
  0x80,0x10,0x70,0x47,0x8e,0x3c,0xfd,0xdf,0x87,0xff,0xc0,0x3f,0xe0,0x03,0xf8,0x00,0xff,0x80,0x7f,0xfc,
  0x3f,0x77,0xe7,0x8e,0x3c,0x41,0xc1,0x00,0x38,0x00,0x07,0x00,0x00,0xe0,0x00,0x00,0x00,0x00,0x00,0x00,
  0x00,0x00,0x00,0x00,0x00,0x00,0x00,0x00,0x00,0x00,0x00,0x00,0x00,0x00,0x00,0x00,0x00,0x07,0x80,0x00,
  0x00,0x1e,0x00,0x00,0x00,0x78,0x00,0x00,0x01,0xe0,0x00,0x00,0x07,0x80,0x00,0x00,0x1e,0x00,0x00,0x00,
  0x78,0x00,0x00,0x01,0xe0,0x00,0x00,0x07,0x80,0x00,0x3f,0xff,0xff,0x00,0xff,0xff,0xfc,0x03,0xff,0xff,
  0xf0,0x0f,0xff,0xff,0xc0,0x00,0x1e,0x00,0x00,0x00,0x78,0x00,0x00,0x01,0xe0,0x00,0x00,0x07,0x80,0x00,
  0x00,0x1e,0x00,0x00,0x00,0x78,0x00,0x00,0x01,0xe0,0x00,0x00,0x07,0x80,0x00,0x00,0x1e,0x00,0x00,0x0f,
  0xc0,0x3f,0x00,0xfc,0x03,0xf0,0x0f,0xc0,0x3f,0x01,0xf8,0x07,0xe0,0x1f,0x00,0x78,0x03,0xe0,0x0f,0x00,
  0x3f,0xf8,0x7f,0xf0,0xff,0xe1,0xff,0xc3,0xff,0x80,0x00,0x00,0x00,0x00,0x00,0x00,0x00,0x00,0x00,0x00,
  0x00,0x00,0x00,0x00,0x00,0x0f,0xc0,0x3f,0x00,0xfc,0x03,0xf0,0x0f,0xc0,0x3f,0x00,0xfc,0x00,0x00,0x78,
  0x01,0xe0,0x0f,0x00,0x3c,0x00,0xf0,0x07,0xc0,0x1e,0x00,0x78,0x01,0xe0,0x0f,0x00,0x3c,0x00,0xf0,0x07,
  0x80,0x1e,0x00,0x78,0x03,0xc0,0x0f,0x00,0x3c,0x01,0xf0,0x07,0x80,0x1e,0x00,0x78,0x03,0xc0,0x0f,0x00,
  0x3c,0x01,0xe0,0x07,0x80,0x1e,0x00,0xf0,0x03,0xc0,0x00,0x00,0x7f,0x00,0x00,0xff,0xe0,0x01,0xff,0xfc,
  0x01,0xff,0xff,0x00,0xff,0xff,0x80,0xff,0x1f,0xe0,0x7f,0x07,0xf0,0x7f,0x01,0xfc,0x3f,0x80,0xfe,0x1f,
  0xc0,0x7f,0x0f,0xe0,0x3f,0x87,0xf0,0x1f,0xc3,0xf8,0x0f,0xe1,0xfc,0x07,0xf0,0xfe,0x03,0xf8,0x7f,0x01,
  0xfc,0x3f,0x80,0xfe,0x1f,0xc0,0x7f,0x0f,0xe0,0x3f,0x83,0xf8,0x3f,0x81,0xfe,0x3f,0xc0,0x7f,0xff,0xc0,
  0x3f,0xff,0xe0,0x0f,0xff,0xe0,0x01,0xff,0xc0,0x00,0x3f,0x80,0x00,0x01,0xff,0x80,0x07,0xff,0xc0,0x03,
  0xff,0xe0,0x01,0xff,0xf0,0x00,0xff,0xf8,0x00,0x79,0xfc,0x00,0x00,0xfe,0x00,0x00,0x7f,0x00,0x00,0x3f,
  0x80,0x00,0x1f,0xc0,0x00,0x0f,0xe0,0x00,0x07,0xf0,0x00,0x03,0xf8,0x00,0x01,0xfc,0x00,0x00,0xfe,0x00,
  0x00,0x7f,0x00,0x00,0x3f,0x80,0x00,0x1f,0xc0,0x00,0x0f,0xe0,0x00,0x07,0xf0,0x00,0x03,0xf8,0x00,0x7f,
  0xff,0xf0,0x3f,0xff,0xf8,0x1f,0xff,0xfc,0x0f,0xff,0xfe,0x07,0xff,0xff,0x00,0x01,0xff,0x00,0x07,0xff,
  0xe0,0x07,0xff,0xfc,0x03,0xff,0xff,0x01,0xff,0xff,0x80,0xf8,0x3f,0xc0,0x70,0x0f,0xf0,0x20,0x03,0xf8,
  0x00,0x01,0xfc,0x00,0x00,0xfe,0x00,0x00,0x7e,0x00,0x00,0x7f,0x00,0x00,0x7f,0x00,0x00,0x7f,0x00,0x00,
  0x7f,0x00,0x00,0x7f,0x00,0x00,0xff,0x00,0x00,0xff,0x00,0x00,0xff,0x00,0x00,0xfe,0x00,0x01,0xfe,0x00,
  0x00,0xff,0xff,0xe0,0x7f,0xff,0xf0,0x3f,0xff,0xf8,0x1f,0xff,0xfc,0x0f,0xff,0xfe,0x00,0x03,0xff,0x00,
  0x0f,0xff,0xf0,0x07,0xff,0xfc,0x03,0xff,0xff,0x01,0xff,0xff,0x80,0xe0,0x3f,0xe0,0x00,0x0f,0xf0,0x00,
  0x03,0xf8,0x00,0x03,0xf8,0x00,0x03,0xfc,0x00,0x7f,0xfc,0x00,0x3f,0xf8,0x00,0x1f,0xfe,0x00,0x0f,0xff,
  0x80,0x07,0xff,0xe0,0x00,0x0f,0xf8,0x00,0x01,0xfc,0x00,0x00,0xfe,0x00,0x00,0x7f,0x06,0x00,0x3f,0x83,
  0xe0,0x7f,0xc1,0xff,0xff,0xe0,0xff,0xff,0xe0,0x7f,0xff,0xe0,0x1f,0xff,0xc0,0x01,0xff,0x80,0x00,0x00,
  0x0f,0xf0,0x00,0x0f,0xf8,0x00,0x0f,0xfc,0x00,0x07,0xfe,0x00,0x07,0xff,0x00,0x07,0xff,0x80,0x03,0xff,
  0xc0,0x03,0xef,0xe0,0x03,0xe7,0xf0,0x01,0xe3,0xf8,0x01,0xf1,0xfc,0x01,0xf0,0xfe,0x01,0xf0,0x7f,0x00,
  0xf8,0x3f,0x80,0xf8,0x1f,0xc0,0x78,0x0f,0xe0,0x3f,0xff,0xfe,0x1f,0xff,0xff,0x0f,0xff,0xff,0x87,0xff,
  0xff,0xc3,0xff,0xff,0xe0,0x00,0x3f,0x80,0x00,0x1f,0xc0,0x00,0x0f,0xe0,0x00,0x07,0xf0,0x00,0x03,0xf8,
  0x00,0x0f,0xff,0xf8,0x07,0xff,0xfc,0x03,0xff,0xfe,0x01,0xff,0xff,0x00,0xff,0xff,0x80,0x7c,0x00,0x00,
  0x3e,0x00,0x00,0x1f,0x00,0x00,0x0f,0xff,0x00,0x07,0xff,0xf0,0x03,0xff,0xfc,0x01,0xff,0xff,0x00,0xff,
  0xff,0xc0,0x78,0x3f,0xe0,0x20,0x07,0xf0,0x00,0x03,0xf8,0x00,0x00,0xfe,0x00,0x00,0x7f,0x00,0x00,0x7f,
  0x02,0x00,0x3f,0x81,0xe0,0x7f,0xc0,0xff,0xff,0xc0,0x7f,0xff,0xe0,0x3f,0xff,0xe0,0x0f,0xff,0xc0,0x00,
  0xff,0x80,0x00,0x00,0x1f,0xc0,0x00,0x7f,0xfc,0x00,0x7f,0xfe,0x00,0x7f,0xff,0x00,0x7f,0xff,0x80,0x7f,
  0x81,0xc0,0x3f,0x00,0x20,0x3f,0x80,0x00,0x1f,0x9f,0xc0,0x0f,0xff,0xf8,0x0f,0xff,0xfe,0x07,0xff,0xff,
  0x83,0xff,0xff,0xc1,0xff,0x0f,0xf0,0xff,0x03,0xf8,0x7f,0x81,0xfc,0x3f,0xc0,0xfe,0x0f,0xe0,0x7f,0x07,
  0xf0,0x3f,0x83,0xf8,0x1f,0xc0,0xfe,0x1f,0xc0,0x7f,0xff,0xe0,0x1f,0xff,0xe0,0x07,0xff,0xe0,0x01,0xff,
  0xe0,0x00,0x3f,0xc0,0x00,0x3f,0xff,0xfc,0x1f,0xff,0xfe,0x0f,0xff,0xff,0x07,0xff,0xff,0x83,0xff,0xff,
  0xc0,0x00,0x0f,0xc0,0x00,0x0f,0xe0,0x00,0x07,0xf0,0x00,0x07,0xf0,0x00,0x03,0xf8,0x00,0x03,0xf8,0x00,
  0x01,0xfc,0x00,0x00,0xfc,0x00,0x00,0xfe,0x00,0x00,0x7e,0x00,0x00,0x7f,0x00,0x00,0x3f,0x00,0x00,0x3f,
  0x80,0x00,0x1f,0x80,0x00,0x1f,0xc0,0x00,0x0f,0xe0,0x00,0x0f,0xe0,0x00,0x07,0xf0,0x00,0x07,0xf0,0x00,
  0x03,0xf8,0x00,0x01,0xf8,0x00,0x00,0x00,0xff,0x80,0x03,0xff,0xf8,0x03,0xff,0xfe,0x01,0xff,0xff,0x81,
  0xff,0xff,0xc0,0xff,0x0f,0xe0,0x7f,0x03,0xf0,0x3f,0x01,0xf8,0x1f,0xc0,0xfc,0x0f,0xf0,0xfe,0x03,0xff,
  0xfe,0x00,0xff,0xfe,0x00,0x1f,0xfc,0x00,0x3f,0xff,0x80,0x3f,0xff,0xe0,0x3f,0x83,0xf8,0x3f,0x80,0xfe,
  0x1f,0xc0,0x7f,0x0f,0xe0,0x3f,0x87,0xf0,0x1f,0xc3,0xfc,0x1f,0xe0,0xff,0xff,0xe0,0x7f,0xff,0xf0,0x1f,
  0xff,0xf0,0x07,0xff,0xf0,0x00,0x7f,0xc0,0x00,0x00,0xff,0x00,0x01,0xff,0xe0,0x01,0xff,0xf8,0x01,0xff,
  0xfe,0x01,0xff,0xff,0x80,0xfe,0x1f,0xc0,0xfe,0x07,0xf0,0x7f,0x03,0xf8,0x3f,0x81,0xfc,0x1f,0xc0,0xff,
  0x0f,0xe0,0x7f,0x87,0xf0,0x3f,0xc3,0xfc,0x3f,0xe0,0xff,0xff,0xf0,0x7f,0xff,0xf8,0x1f,0xff,0xfc,0x07,
  0xff,0xfc,0x00,0xfe,0x7e,0x00,0x00,0x7f,0x01,0x00,0x3f,0x00,0xe0,0x7f,0x80,0x7f,0xff,0x80,0x3f,0xff,
  0x80,0x1f,0xff,0x80,0x0f,0xff,0x80,0x00,0xfe,0x00,0x00,0x0f,0xc0,0x3f,0x00,0xfc,0x03,0xf0,0x0f,0xc0,
  0x3f,0x00,0xfc,0x00,0x00,0x00,0x00,0x00,0x00,0x00,0x00,0x00,0x00,0x00,0x3f,0x00,0xfc,0x03,0xf0,0x0f,
  0xc0,0x3f,0x00,0xfc,0x03,0xf0,0x0f,0xc0,0x3f,0x00,0xfc,0x03,0xf0,0x0f,0xc0,0x3f,0x00,0xfc,0x00,0x00,
  0x00,0x00,0x00,0x00,0x00,0x00,0x00,0x00,0x00,0x3f,0x00,0xfc,0x03,0xf0,0x0f,0xc0,0x3f,0x00,0xfc,0x03,
  0xf0,0x1f,0x80,0x7c,0x01,0xf0,0x07,0x80,0x3c,0x00,0x00,0x00,0x00,0x40,0x00,0x00,0x0f,0x00,0x00,0x01,
  0xfc,0x00,0x00,0x3f,0xf0,0x00,0x07,0xff,0xc0,0x00,0x7f,0xf8,0x00,0x0f,0xff,0x00,0x01,0xff,0xe0,0x00,
  0x0f,0xfc,0x00,0x00,0x3f,0x80,0x00,0x00,0xfe,0x00,0x00,0x03,0xff,0x00,0x00,0x07,0xff,0x80,0x00,0x03,
  0xff,0xc0,0x00,0x01,0xff,0xe0,0x00,0x01,0xff,0xf0,0x00,0x00,0xff,0xc0,0x00,0x00,0x7f,0x00,0x00,0x00,
  0x3c,0x00,0x00,0x00,0x10,0x00,0x00,0x00,0x00,0x00,0x00,0x00,0x00,0x0f,0xff,0xff,0xc0,0x3f,0xff,0xff,
  0x00,0xff,0xff,0xfc,0x03,0xff,0xff,0xf0,0x00,0x00,0x00,0x00,0x00,0x00,0x00,0x00,0x00,0x00,0x00,0x00,
  0x00,0x00,0x00,0x0f,0xff,0xff,0xc0,0x3f,0xff,0xff,0x00,0xff,0xff,0xfc,0x03,0xff,0xff,0xf0,0x00,0x00,
  0x00,0x00,0x00,0x00,0x00,0x00,0x00,0x00,0x00,0x00,0x00,0x00,0x00,0x00,0x00,0x00,0x00,0x08,0x00,0x00,
  0x00,0x3c,0x00,0x00,0x00,0xfe,0x00,0x00,0x03,0xff,0x00,0x00,0x0f,0xff,0x80,0x00,0x07,0xff,0xc0,0x00,
  0x03,0xff,0xc0,0x00,0x01,0xff,0xe0,0x00,0x00,0xff,0xc0,0x00,0x00,0x7f,0x00,0x00,0x01,0xfc,0x00,0x00,
  0x3f,0xf0,0x00,0x07,0xff,0x80,0x00,0xff,0xf0,0x00,0x1f,0xff,0x00,0x03,0xff,0xe0,0x00,0x0f,0xfc,0x00,
  0x00,0x3f,0x80,0x00,0x00,0xf0,0x00,0x00,0x02,0x00,0x00,0x00,0x00,0x00,0x00,0x00,0x00,0x00,0x00,0x00,
  0x0f,0xfc,0x01,0xff,0xf8,0x0f,0xff,0xe0,0x7f,0xff,0x83,0xff,0xfc,0x1e,0x0f,0xf0,0xc0,0x3f,0x80,0x01,
  0xfc,0x00,0x0f,0xc0,0x00,0xfe,0x00,0x0f,0xe0,0x00,0xfe,0x00,0x0f,0xe0,0x00,0xfe,0x00,0x0f,0xe0,0x00,
  0x7f,0x00,0x03,0xf8,0x00,0x00,0x00,0x00,0x00,0x00,0x00,0x00,0x00,0x3f,0x80,0x01,0xfc,0x00,0x0f,0xe0,
  0x00,0x7f,0x00,0x03,0xf8,0x00,0x1f,0xc0,0x00,0x00,0x03,0xfe,0x00,0x00,0x01,0xff,0xf8,0x00,0x00,0x3f,
  0xff,0xe0,0x00,0x0f,0xe0,0x3f,0x80,0x01,0xf8,0x00,0xfc,0x00,0x3e,0x00,0x03,0xe0,0x07,0xc0,0x00,0x1e,
  0x00,0x78,0x00,0x00,0xf0,0x0f,0x01,0xf3,0xc7,0x00,0xe0,0x7f,0xbc,0x78,0x1e,0x0f,0xff,0xc3,0x81,0xc0,
  0xf8,0xfc,0x38,0x1c,0x1f,0x07,0xc3,0x81,0xc1,0xe0,0x7c,0x38,0x3c,0x1e,0x07,0xc3,0x83,0xc1,0xe0,0x7c,
  0x38,0x3c,0x1e,0x07,0xc3,0x83,0xc1,0xe0,0x7c,0x38,0x3c,0x1e,0x07,0xc7,0x81,0xc1,0xf0,0xfc,0xf0,0x1c,
  0x0f,0x8f,0xde,0x01,0xe0,0xff,0xff,0xe0,0x0e,0x07,0xfb,0xf8,0x00,0xf0,0x1f,0x3e,0x00,0x07,0x80,0x00,
  0x00,0x00,0x7c,0x00,0x00,0x00,0x03,0xe0,0x00,0x20,0x00,0x1f,0x00,0x0e,0x00,0x00,0xfe,0x07,0xf0,0x00,
  0x07,0xff,0xfe,0x00,0x00,0x1f,0xff,0x80,0x00,0x00,0x3f,0xc0,0x00,0x00,0x3f,0xc0,0x00,0x07,0xfe,0x00,
  0x00,0x7f,0xe0,0x00,0x07,0xfe,0x00,0x00,0xff,0xf0,0x00,0x0f,0xff,0x00,0x01,0xff,0xf0,0x00,0x1f,0xbf,
  0x80,0x01,0xf9,0xf8,0x00,0x3f,0x9f,0xc0,0x03,0xf1,0xfc,0x00,0x3f,0x0f,0xc0,0x07,0xf0,0xfe,0x00,0x7e,
  0x07,0xe0,0x0f,0xe0,0x7e,0x00,0xfe,0x07,0xf0,0x0f,0xff,0xff,0x01,0xff,0xff,0xf8,0x1f,0xff,0xff,0x81,
  0xff,0xff,0xf8,0x3f,0xff,0xff,0xc3,0xf8,0x01,0xfc,0x7f,0x00,0x0f,0xc7,0xf0,0x00,0xfe,0x7f,0x00,0x0f,
  0xef,0xe0,0x00,0x7f,0x1f,0xff,0xe0,0x03,0xff,0xff,0x00,0x7f,0xff,0xf0,0x0f,0xff,0xff,0x01,0xff,0xff,
  0xf0,0x3f,0x81,0xfe,0x07,0xf0,0x1f,0xc0,0xfe,0x03,0xf8,0x1f,0xc0,0x7f,0x03,0xf8,0x1f,0xc0,0x7f,0xff,
  0xf8,0x0f,0xff,0xfe,0x01,0xff,0xff,0x80,0x3f,0xff,0xfc,0x07,0xff,0xff,0xc0,0xfe,0x07,0xf8,0x1f,0xc0,
  0x3f,0x83,0xf8,0x07,0xf0,0x7f,0x00,0xfe,0x0f,0xe0,0x1f,0xc1,0xfc,0x0f,0xf8,0x3f,0xff,0xfe,0x07,0xff,
  0xff,0xc0,0xff,0xff,0xf0,0x1f,0xff,0xfc,0x03,0xff,0xfc,0x00,0x00,0x1f,0xf0,0x00,0x1f,0xff,0x80,0x1f,
  0xff,0xf0,0x0f,0xff,0xfc,0x07,0xff,0xff,0x03,0xff,0x03,0xc1,0xff,0x00,0x10,0x7f,0x80,0x00,0x3f,0xc0,
  0x00,0x0f,0xe0,0x00,0x03,0xf8,0x00,0x00,0xfe,0x00,0x00,0x3f,0x80,0x00,0x0f,0xe0,0x00,0x03,0xf8,0x00,
  0x00,0xfe,0x00,0x00,0x3f,0x80,0x00,0x0f,0xf0,0x00,0x01,0xfe,0x00,0x00,0x7f,0xc0,0x04,0x0f,0xfc,0x0f,
  0x01,0xff,0xff,0xc0,0x3f,0xff,0xf0,0x07,0xff,0xfc,0x00,0x7f,0xfe,0x00,0x07,0xfc,0x00,0x1f,0xff,0xc0,
  0x00,0x7f,0xff,0xe0,0x01,0xff,0xff,0xe0,0x07,0xff,0xff,0xc0,0x1f,0xff,0xff,0x80,0x7f,0x03,0xff,0x01,
  0xfc,0x03,0xfe,0x07,0xf0,0x07,0xf8,0x1f,0xc0,0x0f,0xe0,0x7f,0x00,0x3f,0xc1,0xfc,0x00,0x7f,0x07,0xf0,
  0x01,0xfc,0x1f,0xc0,0x07,0xf0,0x7f,0x00,0x1f,0xc1,0xfc,0x00,0x7f,0x07,0xf0,0x01,0xfc,0x1f,0xc0,0x0f,
  0xf0,0x7f,0x00,0x3f,0x81,0xfc,0x01,0xfe,0x07,0xf0,0x0f,0xf8,0x1f,0xc0,0xff,0xc0,0x7f,0xff,0xfe,0x01,
  0xff,0xff,0xf0,0x07,0xff,0xff,0x80,0x1f,0xff,0xf8,0x00,0x7f,0xff,0x00,0x00,0x1f,0xff,0xfc,0x0f,0xff,
  0xfe,0x07,0xff,0xff,0x03,0xff,0xff,0x81,0xff,0xff,0xc0,0xfe,0x00,0x00,0x7f,0x00,0x00,0x3f,0x80,0x00,
  0x1f,0xc0,0x00,0x0f,0xe0,0x00,0x07,0xff,0xfe,0x03,0xff,0xff,0x01,0xff,0xff,0x80,0xff,0xff,0xc0,0x7f,
  0xff,0xe0,0x3f,0x80,0x00,0x1f,0xc0,0x00,0x0f,0xe0,0x00,0x07,0xf0,0x00,0x03,0xf8,0x00,0x01,0xfc,0x00,
  0x00,0xff,0xff,0xe0,0x7f,0xff,0xf0,0x3f,0xff,0xf8,0x1f,0xff,0xfc,0x0f,0xff,0xfe,0x00,0x1f,0xff,0xfc,
  0x0f,0xff,0xfe,0x07,0xff,0xff,0x03,0xff,0xff,0x81,0xff,0xff,0xc0,0xfe,0x00,0x00,0x7f,0x00,0x00,0x3f,
  0x80,0x00,0x1f,0xc0,0x00,0x0f,0xe0,0x00,0x07,0xff,0xfe,0x03,0xff,0xff,0x01,0xff,0xff,0x80,0xff,0xff,
  0xc0,0x7f,0xff,0xe0,0x3f,0x80,0x00,0x1f,0xc0,0x00,0x0f,0xe0,0x00,0x07,0xf0,0x00,0x03,0xf8,0x00,0x01,
  0xfc,0x00,0x00,0xfe,0x00,0x00,0x7f,0x00,0x00,0x3f,0x80,0x00,0x1f,0xc0,0x00,0x0f,0xe0,0x00,0x00,0x00,
  0x0f,0xfc,0x00,0x01,0xff,0xfe,0x00,0x1f,0xff,0xfc,0x00,0xff,0xff,0xf0,0x07,0xff,0xff,0xc0,0x3f,0xf0,
  0x1f,0x01,0xff,0x00,0x0c,0x07,0xf8,0x00,0x00,0x3f,0xc0,0x00,0x00,0xfe,0x00,0x00,0x03,0xf8,0x00,0x00,
  0x0f,0xe0,0x3f,0xf8,0x3f,0x80,0xff,0xe0,0xfe,0x03,0xff,0x83,0xf8,0x0f,0xfe,0x0f,0xe0,0x3f,0xf8,0x3f,
  0x80,0x0f,0xe0,0xff,0x00,0x3f,0x81,0xfe,0x00,0xfe,0x07,0xfc,0x03,0xf8,0x0f,0xfc,0x0f,0xe0,0x1f,0xff,
  0xff,0x80,0x3f,0xff,0xfe,0x00,0x7f,0xff,0xf8,0x00,0x7f,0xff,0x80,0x00,0x7f,0xe0,0x00,0x1f,0xc0,0x0f,
  0xe0,0x7f,0x00,0x3f,0x81,0xfc,0x00,0xfe,0x07,0xf0,0x03,0xf8,0x1f,0xc0,0x0f,0xe0,0x7f,0x00,0x3f,0x81,
  0xfc,0x00,0xfe,0x07,0xf0,0x03,0xf8,0x1f,0xc0,0x0f,0xe0,0x7f,0x00,0x3f,0x81,0xff,0xff,0xfe,0x07,0xff,
  0xff,0xf8,0x1f,0xff,0xff,0xe0,0x7f,0xff,0xff,0x81,0xff,0xff,0xfe,0x07,0xf0,0x03,0xf8,0x1f,0xc0,0x0f,
  0xe0,0x7f,0x00,0x3f,0x81,0xfc,0x00,0xfe,0x07,0xf0,0x03,0xf8,0x1f,0xc0,0x0f,0xe0,0x7f,0x00,0x3f,0x81,
  0xfc,0x00,0xfe,0x07,0xf0,0x03,0xf8,0x1f,0xc0,0x0f,0xe0,0x7f,0x00,0x3f,0x80,0x1f,0xc0,0xfe,0x07,0xf0,
  0x3f,0x81,0xfc,0x0f,0xe0,0x7f,0x03,0xf8,0x1f,0xc0,0xfe,0x07,0xf0,0x3f,0x81,0xfc,0x0f,0xe0,0x7f,0x03,
  0xf8,0x1f,0xc0,0xfe,0x07,0xf0,0x3f,0x81,0xfc,0x0f,0xe0,0x7f,0x03,0xf8,0x1f,0xc0,0xfe,0x00,0x03,0xf8,
  0x03,0xf8,0x03,0xf8,0x03,0xf8,0x03,0xf8,0x03,0xf8,0x03,0xf8,0x03,0xf8,0x03,0xf8,0x03,0xf8,0x03,0xf8,
  0x03,0xf8,0x03,0xf8,0x03,0xf8,0x03,0xf8,0x03,0xf8,0x03,0xf8,0x03,0xf8,0x03,0xf8,0x03,0xf8,0x03,0xf8,
  0x03,0xf8,0x03,0xf8,0x03,0xf8,0x03,0xf8,0x03,0xf8,0x07,0xf8,0x0f,0xf0,0x7f,0xf0,0x7f,0xe0,0x7f,0xe0,
  0x7f,0x80,0x7e,0x00,0x1f,0xc0,0x1f,0xe0,0xfe,0x01,0xfe,0x07,0xf0,0x1f,0xe0,0x3f,0x81,0xfe,0x01,0xfc,
  0x1f,0xe0,0x0f,0xe1,0xfe,0x00,0x7f,0x1f,0xe0,0x03,0xf9,0xfe,0x00,0x1f,0xdf,0xe0,0x00,0xff,0xfe,0x00,
  0x07,0xff,0xe0,0x00,0x3f,0xfe,0x00,0x01,0xff,0xe0,0x00,0x0f,0xff,0x80,0x00,0x7f,0xfe,0x00,0x03,0xff,
  0xf8,0x00,0x1f,0xdf,0xe0,0x00,0xfe,0x7f,0x80,0x07,0xf1,0xfe,0x00,0x3f,0x87,0xf8,0x01,0xfc,0x1f,0xe0,
  0x0f,0xe0,0x7f,0x80,0x7f,0x01,0xfe,0x03,0xf8,0x07,0xfc,0x1f,0xc0,0x1f,0xf0,0xfe,0x00,0x7f,0xc0,0x1f,
  0xc0,0x00,0x3f,0x80,0x00,0x7f,0x00,0x00,0xfe,0x00,0x01,0xfc,0x00,0x03,0xf8,0x00,0x07,0xf0,0x00,0x0f,
  0xe0,0x00,0x1f,0xc0,0x00,0x3f,0x80,0x00,0x7f,0x00,0x00,0xfe,0x00,0x01,0xfc,0x00,0x03,0xf8,0x00,0x07,
  0xf0,0x00,0x0f,0xe0,0x00,0x1f,0xc0,0x00,0x3f,0x80,0x00,0x7f,0x00,0x00,0xfe,0x00,0x01,0xfc,0x00,0x03,
  0xff,0xff,0x87,0xff,0xff,0x0f,0xff,0xfe,0x1f,0xff,0xfc,0x3f,0xff,0xf8,0x1f,0xf0,0x00,0xff,0x81,0xff,
  0x80,0x1f,0xf8,0x1f,0xf8,0x01,0xff,0x81,0xff,0x80,0x3f,0xf8,0x1f,0xfc,0x03,0xff,0x81,0xff,0xc0,0x7f,
  0xf8,0x1f,0xfe,0x07,0xff,0x81,0xff,0xe0,0x7f,0xf8,0x1f,0xff,0x0f,0xff,0x81,0xfd,0xf0,0xfb,0xf8,0x1f,
  0xdf,0x1f,0xbf,0x81,0xfc,0xf9,0xf3,0xf8,0x1f,0xcf,0xbf,0x3f,0x81,0xfc,0xff,0xe3,0xf8,0x1f,0xc7,0xfe,
  0x3f,0x81,0xfc,0x7f,0xe3,0xf8,0x1f,0xc3,0xfc,0x3f,0x81,0xfc,0x3f,0xc3,0xf8,0x1f,0xc1,0xf8,0x3f,0x81,
  0xfc,0x1f,0x83,0xf8,0x1f,0xc1,0xf0,0x3f,0x81,0xfc,0x00,0x03,0xf8,0x1f,0xc0,0x00,0x3f,0x81,0xfc,0x00,
  0x03,0xf8,0x1f,0xc0,0x00,0x3f,0x81,0xfc,0x00,0x03,0xf8,0x1f,0xe0,0x0f,0xe0,0x7f,0xc0,0x3f,0x81,0xff,
  0x00,0xfe,0x07,0xfe,0x03,0xf8,0x1f,0xf8,0x0f,0xe0,0x7f,0xf0,0x3f,0x81,0xff,0xc0,0xfe,0x07,0xff,0x83,
  0xf8,0x1f,0xfe,0x0f,0xe0,0x7f,0xfc,0x3f,0x81,0xfd,0xf8,0xfe,0x07,0xf7,0xe3,0xf8,0x1f,0xcf,0xcf,0xe0,
  0x7f,0x3f,0x3f,0x81,0xfc,0x7e,0xfe,0x07,0xf0,0xfb,0xf8,0x1f,0xc3,0xff,0xe0,0x7f,0x07,0xff,0x81,0xfc,
  0x1f,0xfe,0x07,0xf0,0x3f,0xf8,0x1f,0xc0,0xff,0xe0,0x7f,0x01,0xff,0x81,0xfc,0x07,0xfe,0x07,0xf0,0x0f,
  0xf8,0x1f,0xc0,0x3f,0xe0,0x7f,0x00,0x7f,0x80,0x00,0x1f,0xf0,0x00,0x01,0xff,0xf8,0x00,0x07,0xff,0xfc,
  0x00,0x3f,0xff,0xfc,0x00,0xff,0xff,0xfc,0x01,0xff,0x07,0xfc,0x07,0xf8,0x07,0xf8,0x0f,0xe0,0x07,0xf8,
  0x3f,0xc0,0x07,0xf0,0x7f,0x00,0x0f,0xe0,0xfe,0x00,0x1f,0xe1,0xfc,0x00,0x1f,0xc3,0xf8,0x00,0x3f,0x87,
  0xf0,0x00,0x7f,0x0f,0xe0,0x00,0xfe,0x1f,0xc0,0x03,0xfc,0x3f,0x80,0x07,0xf0,0x7f,0x80,0x0f,0xe0,0x7f,
  0x00,0x3f,0xc0,0xff,0x00,0xff,0x00,0xff,0x83,0xfe,0x01,0xff,0xff,0xf8,0x01,0xff,0xff,0xe0,0x00,0xff,
  0xff,0x80,0x00,0xff,0xfc,0x00,0x00,0x3f,0xe0,0x00,0x1f,0xff,0xe0,0x07,0xff,0xfe,0x01,0xff,0xff,0xe0,
  0x7f,0xff,0xf8,0x1f,0xff,0xff,0x07,0xf0,0x3f,0xc1,0xfc,0x07,0xf8,0x7f,0x00,0xfe,0x1f,0xc0,0x3f,0x87,
  0xf0,0x0f,0xe1,0xfc,0x07,0xf8,0x7f,0x03,0xfc,0x1f,0xff,0xff,0x07,0xff,0xff,0x81,0xff,0xff,0xe0,0x7f,
  0xff,0xe0,0x1f,0xff,0xe0,0x07,0xf0,0x00,0x01,0xfc,0x00,0x00,0x7f,0x00,0x00,0x1f,0xc0,0x00,0x07,0xf0,
  0x00,0x01,0xfc,0x00,0x00,0x7f,0x00,0x00,0x1f,0xc0,0x00,0x07,0xf0,0x00,0x00,0x00,0x1f,0xf0,0x00,0x01,
  0xff,0xfc,0x00,0x07,0xff,0xfc,0x00,0x3f,0xff,0xfc,0x00,0xff,0xff,0xfc,0x01,0xff,0x07,0xfc,0x07,0xf8,
  0x07,0xf8,0x0f,0xe0,0x07,0xf8,0x3f,0xc0,0x07,0xf0,0x7f,0x00,0x0f,0xe0,0xfe,0x00,0x1f,0xe1,0xfc,0x00,
  0x1f,0xc3,0xf8,0x00,0x3f,0x87,0xf0,0x00,0x7f,0x0f,0xe0,0x00,0xfe,0x1f,0xc0,0x03,0xfc,0x3f,0x80,0x07,
  0xf0,0x7f,0x80,0x0f,0xe0,0x7f,0x00,0x3f,0xc0,0xff,0x00,0xff,0x00,0xff,0x83,0xfe,0x01,0xff,0xff,0xf8,
  0x01,0xff,0xff,0xe0,0x00,0xff,0xff,0x80,0x00,0xff,0xfc,0x00,0x00,0x3f,0xf8,0x00,0x00,0x03,0xf8,0x00,
  0x00,0x03,0xf8,0x00,0x00,0x03,0xf8,0x00,0x00,0x03,0xf8,0x00,0x00,0x03,0xf0,0x00,0x1f,0xff,0xe0,0x01,
  0xff,0xff,0x80,0x1f,0xff,0xfc,0x01,0xff,0xff,0xe0,0x1f,0xff,0xfe,0x01,0xfc,0x1f,0xf0,0x1f,0xc0,0xff,
  0x01,0xfc,0x07,0xf0,0x1f,0xc0,0x7f,0x01,0xfc,0x0f,0xe0,0x1f,0xc1,0xfe,0x01,0xff,0xff,0xc0,0x1f,0xff,
  0xf8,0x01,0xff,0xfe,0x00,0x1f,0xff,0xf8,0x01,0xff,0xff,0xc0,0x1f,0xc3,0xfc,0x01,0xfc,0x1f,0xe0,0x1f,
  0xc0,0xfe,0x01,0xfc,0x07,0xf0,0x1f,0xc0,0x7f,0x01,0xfc,0x03,0xf8,0x1f,0xc0,0x3f,0x81,0xfc,0x01,0xfc,
  0x1f,0xc0,0x1f,0xc1,0xfc,0x01,0xfe,0x00,0xff,0xc0,0x00,0xff,0xfe,0x00,0xff,0xff,0xc0,0x3f,0xff,0xf0,
  0x1f,0xff,0xfc,0x07,0xf0,0x1f,0x01,0xf8,0x00,0xc0,0x7e,0x00,0x00,0x1f,0x80,0x00,0x07,0xf8,0x00,0x01,
  0xff,0xf0,0x00,0x3f,0xff,0x80,0x07,0xff,0xf8,0x00,0xff,0xff,0x00,0x07,0xff,0xe0,0x00,0x0f,0xf8,0x00,
  0x00,0xfe,0x00,0x00,0x1f,0x81,0x00,0x07,0xe0,0x70,0x03,0xf8,0x1f,0x81,0xfe,0x07,0xff,0xff,0x81,0xff,
  0xff,0xc0,0x7f,0xff,0xe0,0x0f,0xff,0xf0,0x00,0x7f,0xf0,0x00,0xff,0xff,0xff,0x7f,0xff,0xff,0xbf,0xff,
  0xff,0xdf,0xff,0xff,0xef,0xff,0xff,0xf0,0x03,0xf8,0x00,0x01,0xfc,0x00,0x00,0xfe,0x00,0x00,0x7f,0x00,
  0x00,0x3f,0x80,0x00,0x1f,0xc0,0x00,0x0f,0xe0,0x00,0x07,0xf0,0x00,0x03,0xf8,0x00,0x01,0xfc,0x00,0x00,
  0xfe,0x00,0x00,0x7f,0x00,0x00,0x3f,0x80,0x00,0x1f,0xc0,0x00,0x0f,0xe0,0x00,0x07,0xf0,0x00,0x03,0xf8,
  0x00,0x01,0xfc,0x00,0x00,0xfe,0x00,0x00,0x7f,0x00,0x00,0x3f,0x80,0x00,0x1f,0xc0,0x1f,0xc0,0xfe,0x00,
  0xfe,0x07,0xf0,0x07,0xf0,0x3f,0x80,0x3f,0x81,0xfc,0x01,0xfc,0x0f,0xe0,0x0f,0xe0,0x7f,0x00,0x7f,0x03,
  0xf8,0x03,0xf8,0x1f,0xc0,0x1f,0xc0,0xfe,0x00,0xfe,0x07,0xf0,0x07,0xf0,0x3f,0x80,0x3f,0x81,0xfc,0x01,
  0xfc,0x0f,0xe0,0x0f,0xe0,0x7f,0x00,0x7f,0x03,0xf8,0x03,0xf8,0x1f,0xc0,0x1f,0xc0,0xfe,0x00,0xfe,0x03,
  0xf8,0x07,0xf0,0x1f,0xc0,0x7f,0x00,0xff,0x07,0xf8,0x03,0xff,0xff,0xc0,0x1f,0xff,0xfc,0x00,0x7f,0xff,
  0xc0,0x00,0xff,0xfc,0x00,0x01,0xff,0x00,0x00,0xfe,0x00,0x07,0xf7,0xf0,0x00,0xfe,0x7f,0x00,0x0f,0xe7,
  0xf0,0x00,0xfc,0x3f,0x80,0x1f,0xc3,0xf8,0x01,0xfc,0x1f,0x80,0x3f,0x81,0xfc,0x03,0xf8,0x1f,0xc0,0x3f,
  0x80,0xfc,0x07,0xf0,0x0f,0xe0,0x7f,0x00,0xfe,0x07,0xe0,0x07,0xf0,0xfe,0x00,0x7f,0x0f,0xe0,0x03,0xf0,
  0xfc,0x00,0x3f,0x9f,0xc0,0x03,0xf9,0xfc,0x00,0x1f,0xbf,0x80,0x01,0xff,0xf8,0x00,0x1f,0xff,0x00,0x00,
  0xff,0xf0,0x00,0x0f,0xff,0x00,0x00,0x7f,0xe0,0x00,0x07,0xfe,0x00,0x00,0x7f,0xe0,0x00,0x03,0xfc,0x00,
  0x7f,0x00,0xfe,0x00,0xfe,0x7f,0x00,0xff,0x00,0xfc,0x3f,0x00,0xff,0x01,0xfc,0x3f,0x00,0xff,0x01,0xfc,
  0x3f,0x81,0xff,0x01,0xfc,0x3f,0x81,0xff,0x01,0xf8,0x1f,0x81,0xff,0x81,0xf8,0x1f,0x81,0xff,0x83,0xf8,
  0x1f,0xc3,0xef,0x83,0xf8,0x1f,0xc3,0xe7,0x83,0xf0,0x0f,0xc3,0xe7,0xc3,0xf0,0x0f,0xc3,0xe7,0xc7,0xf0,
  0x0f,0xe3,0xc7,0xc7,0xf0,0x0f,0xe7,0xc3,0xc7,0xe0,0x0f,0xe7,0xc3,0xe7,0xe0,0x07,0xe7,0xc3,0xef,0xe0,
  0x07,0xf7,0x83,0xef,0xe0,0x07,0xff,0x83,0xef,0xc0,0x07,0xff,0x81,0xff,0xc0,0x03,0xff,0x81,0xff,0xc0,
  0x03,0xff,0x81,0xff,0xc0,0x03,0xff,0x01,0xff,0xc0,0x03,0xff,0x00,0xff,0x80,0x01,0xff,0x00,0xff,0x80,
  0x01,0xff,0x00,0xff,0x80,0x01,0xfe,0x00,0xff,0x80,0x7f,0x80,0x1f,0xc3,0xf8,0x03,0xfc,0x1f,0xc0,0x3f,
  0x81,0xfe,0x07,0xf0,0x0f,0xe0,0xff,0x00,0x7f,0x0f,0xe0,0x07,0xf9,0xfc,0x00,0x3f,0xbf,0xc0,0x01,0xff,
  0xf8,0x00,0x1f,0xff,0x00,0x00,0xff,0xf0,0x00,0x07,0xfe,0x00,0x00,0x3f,0xc0,0x00,0x07,0xfe,0x00,0x00,
  0x7f,0xe0,0x00,0x0f,0xff,0x00,0x01,0xff,0xf8,0x00,0x3f,0xff,0x80,0x03,0xf9,0xfc,0x00,0x7f,0x1f,0xe0,
  0x0f,0xf0,0xfe,0x00,0xfe,0x07,0xf0,0x1f,0xc0,0x7f,0x83,0xfc,0x03,0xf8,0x3f,0x80,0x1f,0xc7,0xf0,0x00,
  0xfe,0x7f,0x00,0x0f,0xe3,0xf8,0x01,0xfc,0x3f,0xc0,0x3f,0xc1,0xfc,0x03,0xf8,0x0f,0xe0,0x7f,0x80,0xff,
  0x0f,0xf0,0x07,0xf0,0xfe,0x00,0x3f,0x9f,0xe0,0x03,0xff,0xfc,0x00,0x1f,0xff,0x80,0x00,0xff,0xf8,0x00,
  0x0f,0xff,0x00,0x00,0x7f,0xe0,0x00,0x03,0xfe,0x00,0x00,0x3f,0xc0,0x00,0x01,0xf8,0x00,0x00,0x1f,0x80,
  0x00,0x01,0xf8,0x00,0x00,0x1f,0x80,0x00,0x01,0xf8,0x00,0x00,0x1f,0x80,0x00,0x01,0xf8,0x00,0x00,0x1f,
  0x80,0x00,0x01,0xf8,0x00,0x00,0x1f,0x80,0x00,0x01,0xf8,0x00,0x3f,0xff,0xff,0x0f,0xff,0xff,0xc3,0xff,
  0xff,0xf0,0xff,0xff,0xfc,0x3f,0xff,0xff,0x00,0x00,0x7f,0x80,0x00,0x3f,0xc0,0x00,0x0f,0xe0,0x00,0x07,
  0xf0,0x00,0x03,0xfc,0x00,0x01,0xfe,0x00,0x00,0xff,0x00,0x00,0x7f,0x80,0x00,0x1f,0xc0,0x00,0x0f,0xe0,
  0x00,0x07,0xf8,0x00,0x03,0xfc,0x00,0x01,0xfe,0x00,0x00,0xff,0x00,0x00,0x3f,0x80,0x00,0x1f,0xc0,0x00,
  0x0f,0xff,0xff,0xe3,0xff,0xff,0xf8,0xff,0xff,0xfe,0x3f,0xff,0xff,0x8f,0xff,0xff,0xe0,0x1f,0xfc,0x1f,
  0xfc,0x1f,0xfc,0x1f,0xfc,0x1f,0x80,0x1f,0x80,0x1f,0x80,0x1f,0x80,0x1f,0x80,0x1f,0x80,0x1f,0x80,0x1f,
  0x80,0x1f,0x80,0x1f,0x80,0x1f,0x80,0x1f,0x80,0x1f,0x80,0x1f,0x80,0x1f,0x80,0x1f,0x80,0x1f,0x80,0x1f,
  0x80,0x1f,0x80,0x1f,0x80,0x1f,0x80,0x1f,0x80,0x1f,0x80,0x1f,0x80,0x1f,0xfc,0x1f,0xfc,0x1f,0xfc,0x1f,
  0xfc,0xf0,0x03,0xc0,0x07,0x80,0x1e,0x00,0x78,0x00,0xf0,0x03,0xc0,0x0f,0x00,0x1e,0x00,0x78,0x01,0xe0,
  0x07,0xc0,0x0f,0x00,0x3c,0x00,0xf0,0x01,0xe0,0x07,0x80,0x1e,0x00,0x3c,0x00,0xf0,0x03,0xc0,0x07,0x80,
  0x1e,0x00,0x78,0x01,0xf0,0x03,0xc0,0x0f,0x00,0x3c,0x00,0x78,0x01,0xe0,0x3f,0xf8,0x3f,0xf8,0x3f,0xf8,
  0x3f,0xf8,0x01,0xf8,0x01,0xf8,0x01,0xf8,0x01,0xf8,0x01,0xf8,0x01,0xf8,0x01,0xf8,0x01,0xf8,0x01,0xf8,
  0x01,0xf8,0x01,0xf8,0x01,0xf8,0x01,0xf8,0x01,0xf8,0x01,0xf8,0x01,0xf8,0x01,0xf8,0x01,0xf8,0x01,0xf8,
  0x01,0xf8,0x01,0xf8,0x01,0xf8,0x01,0xf8,0x01,0xf8,0x3f,0xf8,0x3f,0xf8,0x3f,0xf8,0x3f,0xf8,0x00,0x0f,
  0xc0,0x00,0x00,0x7f,0x80,0x00,0x01,0xff,0x00,0x00,0x0f,0xfe,0x00,0x00,0x7f,0xf8,0x00,0x03,0xf3,0xf0,
  0x00,0x1f,0x83,0xe0,0x00,0xf8,0x07,0xc0,0x07,0xc0,0x0f,0x80,0x3e,0x00,0x0f,0x00,0x00,0x00,0x00,0x00,
  0x00,0x00,0x00,0x00,0x00,0x00,0x00,0x00,0x00,0x00,0x00,0x00,0x00,0x00,0x00,0x00,0x00,0x00,0x00,0x00,
  0x00,0x00,0x00,0x00,0x00,0x00,0x00,0x00,0x00,0x00,0x00,0x00,0x00,0x00,0x00,0x00,0x00,0x00,0x00,0x00,
  0x00,0x00,0x00,0x00,0x00,0x00,0x00,0x00,0x00,0x00,0x00,0x00,0x00,0x00,0x00,0x00,0x00,0x00,0x00,0x00,
  0x00,0x00,0x00,0x00,0x00,0x00,0x00,0x3f,0xff,0xff,0xff,0xff,0xff,0xff,0x3e,0x00,0x07,0xc0,0x00,0xf0,
  0x00,0x1e,0x00,0x03,0xc0,0x00,0x78,0x00,0x0e,0x00,0x00,0x00,0x00,0x00,0x00,0x00,0x00,0x00,0x00,0x00,
  0x00,0x00,0x00,0x00,0x00,0x00,0x00,0x00,0x00,0x00,0x00,0x00,0x00,0x00,0x00,0x00,0x00,0x00,0x00,0x00,
  0x00,0x00,0x00,0x00,0x00,0x00,0x00,0x00,0x00,0x00,0x00,0x00,0x00,0x00,0x00,0x00,0x00,0x00,0x00,0x00,
  0x03,0xff,0x00,0x1f,0xff,0xc0,0x1f,0xff,0xf0,0x1f,0xff,0xf0,0x1e,0x07,0xf8,0x10,0x01,0xf8,0x00,0x01,
  0xf8,0x03,0xff,0xf8,0x0f,0xff,0xfc,0x1f,0xff,0xfc,0x3f,0xff,0xfc,0x3f,0x81,0xfc,0x3f,0x01,0xfc,0x3f,
  0x01,0xfc,0x3f,0x03,0xfc,0x3f,0x87,0xfc,0x3f,0xff,0xfc,0x1f,0xff,0xfc,0x0f,0xfd,0xfc,0x07,0xf1,0xfc,
  0x1f,0x80,0x00,0x07,0xe0,0x00,0x01,0xf8,0x00,0x00,0x7e,0x00,0x00,0x1f,0x80,0x00,0x07,0xe0,0x00,0x01,
  0xf8,0x00,0x00,0x7e,0x1f,0x80,0x1f,0x9f,0xf8,0x07,0xff,0xff,0x01,0xff,0xff,0xc0,0x7f,0xff,0xf8,0x1f,
  0xf1,0xfe,0x07,0xf0,0x1f,0xc1,0xfc,0x07,0xf0,0x7f,0x01,0xfc,0x1f,0x80,0x3f,0x07,0xe0,0x0f,0xc1,0xfc,
  0x07,0xf0,0x7f,0x01,0xfc,0x1f,0xc0,0x7f,0x07,0xfc,0x7f,0x81,0xff,0xff,0xe0,0x7f,0xff,0xf0,0x1f,0xff,
  0xfc,0x07,0xe7,0xfe,0x01,0xf8,0x7e,0x00,0x00,0x7f,0x00,0x1f,0xfe,0x01,0xff,0xf8,0x1f,0xff,0xc1,0xff,
  0xfe,0x1f,0xf0,0x70,0xff,0x00,0x87,0xf0,0x00,0x3f,0x00,0x01,0xf8,0x00,0x0f,0xc0,0x00,0x7e,0x00,0x03,
  0xf8,0x00,0x1f,0xe0,0x10,0xff,0x83,0x83,0xff,0xfc,0x0f,0xff,0xe0,0x3f,0xff,0x00,0xff,0xf0,0x00,0xfe,
  0x00,0x00,0x00,0xfe,0x00,0x00,0x3f,0x80,0x00,0x0f,0xe0,0x00,0x03,0xf8,0x00,0x00,0xfe,0x00,0x00,0x3f,
  0x80,0x00,0x0f,0xe0,0x07,0xe3,0xf8,0x07,0xfe,0xfe,0x03,0xff,0xff,0x81,0xff,0xff,0xe0,0x7f,0xff,0xf8,
  0x3f,0xc3,0xfe,0x0f,0xe0,0x7f,0x83,0xf8,0x0f,0xe0,0xfc,0x03,0xf8,0x3f,0x00,0xfe,0x0f,0xc0,0x3f,0x83,
  0xf0,0x0f,0xe0,0xfe,0x03,0xf8,0x3f,0x81,0xfe,0x0f,0xf0,0xff,0x81,0xff,0xff,0xe0,0x7f,0xff,0xf8,0x0f,
  0xff,0xfe,0x01,0xff,0xbf,0x80,0x1f,0x8f,0xe0,0x00,0xff,0x00,0x03,0xff,0xc0,0x07,0xff,0xf0,0x0f,0xff,
  0xf8,0x1f,0xc3,0xf8,0x3f,0x81,0xfc,0x3f,0x80,0xfc,0x3f,0x00,0xfc,0x3f,0xff,0xfe,0x3f,0xff,0xfe,0x3f,
  0xff,0xfe,0x3f,0xff,0xfe,0x3f,0x00,0x00,0x3f,0x00,0x00,0x3f,0x80,0x0c,0x1f,0xe0,0x7c,0x0f,0xff,0xfc,
  0x07,0xff,0xfc,0x03,0xff,0xfc,0x00,0xff,0xe0,0x01,0xff,0x07,0xff,0x07,0xff,0x0f,0xff,0x0f,0xe0,0x0f,
  0xc0,0x0f,0xc0,0x7f,0xff,0x7f,0xff,0x7f,0xff,0x7f,0xff,0x7f,0xff,0x0f,0xc0,0x0f,0xc0,0x0f,0xc0,0x0f,
  0xc0,0x0f,0xc0,0x0f,0xc0,0x0f,0xc0,0x0f,0xc0,0x0f,0xc0,0x0f,0xc0,0x0f,0xc0,0x0f,0xc0,0x0f,0xc0,0x0f,
  0xc0,0x0f,0xc0,0x01,0xf8,0xfe,0x01,0xff,0xbf,0x80,0xff,0xff,0xe0,0x7f,0xff,0xf8,0x1f,0xff,0xfe,0x0f,
  0xf0,0xff,0x83,0xf8,0x1f,0xe0,0xfe,0x03,0xf8,0x3f,0x00,0xfe,0x0f,0xc0,0x3f,0x83,0xf0,0x0f,0xe0,0xfc,
  0x03,0xf8,0x3f,0x80,0xfe,0x0f,0xe0,0x7f,0x83,0xfc,0x3f,0xe0,0x7f,0xff,0xf8,0x1f,0xff,0xfe,0x03,0xff,
  0xff,0x80,0x7f,0xef,0xe0,0x07,0xe3,0xf8,0x00,0x00,0xfe,0x00,0x00,0x3f,0x00,0x80,0x1f,0xc0,0x3c,0x1f,
  0xe0,0x0f,0xff,0xf8,0x03,0xff,0xfc,0x00,0xff,0xfc,0x00,0x0f,0xfc,0x00,0x1f,0x80,0x00,0x07,0xe0,0x00,
  0x01,0xf8,0x00,0x00,0x7e,0x00,0x00,0x1f,0x80,0x00,0x07,0xe0,0x00,0x01,0xf8,0x00,0x00,0x7e,0x1f,0x80,
  0x1f,0x9f,0xf0,0x07,0xff,0xfe,0x01,0xff,0xff,0xc0,0x7f,0xff,0xf0,0x1f,0xf1,0xfe,0x07,0xf8,0x3f,0x81,
  0xfc,0x0f,0xe0,0x7f,0x03,0xf8,0x1f,0x80,0xfe,0x07,0xe0,0x3f,0x81,0xf8,0x0f,0xe0,0x7e,0x03,0xf8,0x1f,
  0x80,0xfe,0x07,0xe0,0x3f,0x81,0xf8,0x0f,0xe0,0x7e,0x03,0xf8,0x1f,0x80,0xfe,0x07,0xe0,0x3f,0x81,0xf8,
  0x0f,0xe0,0x1f,0x81,0xf8,0x1f,0x81,0xf8,0x1f,0x80,0x00,0x00,0x01,0xf8,0x1f,0x81,0xf8,0x1f,0x81,0xf8,
  0x1f,0x81,0xf8,0x1f,0x81,0xf8,0x1f,0x81,0xf8,0x1f,0x81,0xf8,0x1f,0x81,0xf8,0x1f,0x81,0xf8,0x1f,0x81,
  0xf8,0x1f,0x80,0x07,0xe0,0x1f,0x80,0x7e,0x01,0xf8,0x07,0xe0,0x00,0x00,0x00,0x01,0xf8,0x07,0xe0,0x1f,
  0x80,0x7e,0x01,0xf8,0x07,0xe0,0x1f,0x80,0x7e,0x01,0xf8,0x07,0xe0,0x1f,0x80,0x7e,0x01,0xf8,0x07,0xe0,
  0x1f,0x80,0x7e,0x01,0xf8,0x07,0xe0,0x1f,0x80,0x7e,0x01,0xf8,0x07,0xe0,0x1f,0x80,0xfe,0x1f,0xf0,0x7f,
  0xc1,0xfe,0x07,0xe0,0x00,0x1f,0x80,0x00,0x0f,0xc0,0x00,0x07,0xe0,0x00,0x03,0xf0,0x00,0x01,0xf8,0x00,
  0x00,0xfc,0x00,0x00,0x7e,0x00,0x00,0x3f,0x01,0xfc,0x1f,0x81,0xfc,0x0f,0xc1,0xfc,0x07,0xe1,0xfc,0x03,
  0xf1,0xfc,0x01,0xf9,0xfc,0x00,0xfd,0xfc,0x00,0x7f,0xfc,0x00,0x3f,0xfc,0x00,0x1f,0xfe,0x00,0x0f,0xff,
  0x80,0x07,0xff,0xe0,0x03,0xf7,0xf8,0x01,0xf9,0xfc,0x00,0xfc,0x7f,0x00,0x7e,0x1f,0xc0,0x3f,0x07,0xf0,
  0x1f,0x81,0xfc,0x0f,0xc0,0x7f,0x07,0xe0,0x3f,0xc0,0x1f,0x81,0xf8,0x1f,0x81,0xf8,0x1f,0x81,0xf8,0x1f,
  0x81,0xf8,0x1f,0x81,0xf8,0x1f,0x81,0xf8,0x1f,0x81,0xf8,0x1f,0x81,0xf8,0x1f,0x81,0xf8,0x1f,0x81,0xf8,
  0x1f,0x81,0xf8,0x1f,0x81,0xf8,0x1f,0x81,0xf8,0x1f,0x80,0x1f,0x87,0xc0,0x7e,0x00,0x7e,0x7f,0xc7,0xfc,
  0x01,0xff,0xff,0xbf,0xf8,0x07,0xff,0xff,0xff,0xf0,0x1f,0xff,0xff,0xff,0xc0,0x7f,0x8f,0xfc,0x7f,0x01,
  0xfc,0x1f,0xe0,0xfe,0x07,0xf0,0x7f,0x83,0xf8,0x1f,0xc0,0xfc,0x0f,0xe0,0x7e,0x03,0xf0,0x3f,0x81,0xf8,
  0x0f,0xc0,0xfe,0x07,0xe0,0x3f,0x03,0xf8,0x1f,0x80,0xfc,0x0f,0xe0,0x7e,0x03,0xf0,0x3f,0x81,0xf8,0x0f,
  0xc0,0xfe,0x07,0xe0,0x3f,0x03,0xf8,0x1f,0x80,0xfc,0x0f,0xe0,0x7e,0x03,0xf0,0x3f,0x81,0xf8,0x0f,0xc0,
  0xfe,0x07,0xe0,0x3f,0x03,0xf8,0x1f,0x87,0xe0,0x07,0xe7,0xfc,0x01,0xff,0xff,0x80,0x7f,0xff,0xf0,0x1f,
  0xff,0xfc,0x07,0xfc,0x7f,0x81,0xfe,0x0f,0xe0,0x7f,0x03,0xf8,0x1f,0xc0,0xfe,0x07,0xe0,0x3f,0x81,0xf8,
  0x0f,0xe0,0x7e,0x03,0xf8,0x1f,0x80,0xfe,0x07,0xe0,0x3f,0x81,0xf8,0x0f,0xe0,0x7e,0x03,0xf8,0x1f,0x80,
  0xfe,0x07,0xe0,0x3f,0x81,0xf8,0x0f,0xe0,0x7e,0x03,0xf8,0x00,0xff,0x80,0x01,0xff,0xf0,0x01,0xff,0xfc,
  0x01,0xff,0xff,0x01,0xff,0xff,0xc1,0xfe,0x1f,0xe0,0xfe,0x03,0xf8,0x7f,0x01,0xfc,0x3f,0x00,0xfe,0x1f,
  0x80,0x3f,0x0f,0xc0,0x1f,0x87,0xe0,0x1f,0xc3,0xf8,0x0f,0xe1,0xfc,0x07,0xf0,0xff,0x0f,0xf0,0x3f,0xff,
  0xf8,0x0f,0xff,0xf8,0x03,0xff,0xf8,0x00,0xff,0xf8,0x00,0x1f,0xf0,0x00,0x1f,0x87,0xe0,0x07,0xe7,0xfe,
  0x01,0xff,0xff,0xc0,0x7f,0xff,0xf0,0x1f,0xff,0xfe,0x07,0xfc,0x7f,0x81,0xfc,0x07,0xf0,0x7f,0x01,0xfc,
  0x1f,0xc0,0x7f,0x07,0xe0,0x0f,0xc1,0xf8,0x03,0xf0,0x7f,0x01,0xfc,0x1f,0xc0,0x7f,0x07,0xf0,0x1f,0xc1,
  0xff,0x1f,0xe0,0x7f,0xff,0xf8,0x1f,0xff,0xfc,0x07,0xff,0xff,0x01,0xf9,0xff,0x80,0x7e,0x1f,0x80,0x1f,
  0x80,0x00,0x07,0xe0,0x00,0x01,0xf8,0x00,0x00,0x7e,0x00,0x00,0x1f,0x80,0x00,0x07,0xe0,0x00,0x01,0xf8,
  0x00,0x00,0x7e,0x00,0x00,0x01,0xf8,0xfe,0x01,0xff,0xbf,0x80,0xff,0xff,0xe0,0x7f,0xff,0xf8,0x1f,0xff,
  0xfe,0x0f,0xf0,0xff,0x83,0xf8,0x1f,0xe0,0xfe,0x03,0xf8,0x3f,0x00,0xfe,0x0f,0xc0,0x3f,0x83,0xf0,0x0f,
  0xe0,0xfc,0x03,0xf8,0x3f,0x80,0xfe,0x0f,0xe0,0x7f,0x83,0xfc,0x3f,0xe0,0x7f,0xff,0xf8,0x1f,0xff,0xfe,
  0x03,0xff,0xff,0x80,0x7f,0xef,0xe0,0x07,0xe3,0xf8,0x00,0x00,0xfe,0x00,0x00,0x3f,0x80,0x00,0x0f,0xe0,
  0x00,0x03,0xf8,0x00,0x00,0xfe,0x00,0x00,0x3f,0x80,0x00,0x0f,0xe0,0x00,0x03,0xf8,0x1f,0x87,0xc7,0xe7,
  0xf1,0xfb,0xfc,0x7f,0xff,0x1f,0xff,0xc7,0xfc,0x31,0xfe,0x00,0x7f,0x00,0x1f,0xc0,0x07,0xf0,0x01,0xf8,
  0x00,0x7e,0x00,0x1f,0x80,0x07,0xe0,0x01,0xf8,0x00,0x7e,0x00,0x1f,0x80,0x07,0xe0,0x01,0xf8,0x00,0x7e,
  0x00,0x03,0xff,0x00,0x7f,0xfe,0x07,0xff,0xf0,0x7f,0xff,0x83,0xf0,0x3c,0x1f,0x80,0x20,0xfc,0x00,0x07,
  0xf0,0x00,0x3f,0xfe,0x00,0xff,0xfe,0x03,0xff,0xf8,0x03,0xff,0xc0,0x00,0xff,0x00,0x01,0xf8,0x80,0x0f,
  0xc7,0x80,0xfe,0x3f,0xff,0xe1,0xff,0xff,0x0f,0xff,0xe0,0x0f,0xfc,0x00,0x0f,0xc0,0x07,0xe0,0x03,0xf0,
  0x01,0xf8,0x00,0xfc,0x07,0xff,0xfb,0xff,0xfd,0xff,0xfe,0xff,0xff,0x7f,0xff,0x83,0xf0,0x01,0xf8,0x00,
  0xfc,0x00,0x7e,0x00,0x3f,0x00,0x1f,0x80,0x0f,0xc0,0x07,0xe0,0x03,0xf0,0x01,0xfc,0x00,0xff,0xf0,0x7f,
  0xf8,0x3f,0xfc,0x0f,0xfe,0x01,0xff,0x00,0x1f,0x80,0xfe,0x07,0xe0,0x3f,0x81,0xf8,0x0f,0xe0,0x7e,0x03,
  0xf8,0x1f,0x80,0xfe,0x07,0xe0,0x3f,0x81,0xf8,0x0f,0xe0,0x7e,0x03,0xf8,0x1f,0x80,0xfe,0x07,0xe0,0x3f,
  0x81,0xf8,0x0f,0xe0,0x7e,0x03,0xf8,0x1f,0x80,0xfe,0x07,0xf0,0x7f,0x81,0xfe,0x3f,0xe0,0x7f,0xff,0xf8,
  0x0f,0xff,0xfe,0x03,0xff,0xff,0x80,0x7f,0xef,0xe0,0x07,0xe3,0xf8,0x7e,0x00,0xfe,0xfc,0x01,0xf9,0xfc,
  0x03,0xf1,0xf8,0x0f,0xe3,0xf8,0x1f,0x83,0xf0,0x3f,0x07,0xe0,0xfc,0x0f,0xe1,0xf8,0x0f,0xc3,0xf0,0x1f,
  0x8f,0xc0,0x1f,0x9f,0x80,0x3f,0x7f,0x00,0x7e,0xfc,0x00,0x7f,0xf8,0x00,0xff,0xe0,0x01,0xff,0xc0,0x01,
  0xff,0x80,0x03,0xfe,0x00,0x03,0xfc,0x00,0x07,0xf0,0x00,0x7f,0x03,0xe0,0x3f,0x1f,0x81,0xf8,0x3f,0x8f,
  0xc1,0xfc,0x1f,0x87,0xe0,0xfe,0x0f,0xc3,0xf8,0x7f,0x07,0xe0,0xfc,0x3f,0xc7,0xf0,0x7e,0x3f,0xe3,0xf0,
  0x3f,0x1e,0xf1,0xf8,0x1f,0x8f,0x78,0xfc,0x07,0xe7,0xbe,0x7e,0x03,0xf7,0xcf,0x7e,0x01,0xfb,0xc7,0xbf,
  0x00,0xfd,0xe3,0xff,0x80,0x3f,0xf1,0xff,0xc0,0x1f,0xf8,0x7f,0xc0,0x0f,0xf8,0x3f,0xe0,0x07,0xfc,0x1f,
  0xf0,0x01,0xfe,0x0f,0xf8,0x00,0xff,0x03,0xf8,0x00,0x7f,0x81,0xfc,0x00,0x7f,0x01,0xfc,0x7f,0x03,0xf0,
  0x7e,0x0f,0xe0,0xfe,0x3f,0x80,0xfe,0xfe,0x00,0xff,0xf8,0x00,0xff,0xf0,0x01,0xff,0xc0,0x01,0xff,0x00,
  0x01,0xfe,0x00,0x07,0xfc,0x00,0x0f,0xfc,0x00,0x3f,0xf8,0x00,0xff,0xf8,0x03,0xfb,0xf8,0x07,0xe3,0xf0,
  0x1f,0xc7,0xf0,0x7f,0x07,0xf0,0xfc,0x07,0xf3,0xf8,0x07,0xe0,0x7e,0x00,0xfe,0xfc,0x01,0xf9,0xfc,0x03,
  0xf1,0xf8,0x0f,0xe3,0xf8,0x1f,0x83,0xf0,0x3f,0x07,0xe0,0xfc,0x07,0xe1,0xf8,0x0f,0xc3,0xf0,0x1f,0xcf,
  0xc0,0x1f,0x9f,0x80,0x3f,0x3f,0x00,0x3f,0xfc,0x00,0x7f,0xf8,0x00,0xff,0xe0,0x00,0xff,0xc0,0x01,0xff,
  0x80,0x01,0xfe,0x00,0x03,0xfc,0x00,0x03,0xf8,0x00,0x07,0xe0,0x00,0x0f,0xc0,0x00,0x1f,0x00,0x00,0x7e,
  0x00,0x0f,0xf8,0x00,0x1f,0xf0,0x00,0x3f,0xc0,0x00,0x7e,0x00,0x00,0x3f,0xff,0xe1,0xff,0xff,0x0f,0xff,
  0xf8,0x7f,0xff,0xc3,0xff,0xfe,0x00,0x0f,0xe0,0x00,0xfe,0x00,0x0f,0xe0,0x00,0x7e,0x00,0x07,0xe0,0x00,
  0x7e,0x00,0x07,0xe0,0x00,0x7e,0x00,0x07,0xe0,0x00,0x7e,0x00,0x07,0xff,0xfc,0x3f,0xff,0xe1,0xff,0xff,
  0x0f,0xff,0xf8,0x7f,0xff,0xc0,0x00,0x03,0xf8,0x00,0x03,0xfe,0x00,0x01,0xff,0x80,0x00,0xff,0xe0,0x00,
  0x3f,0x80,0x00,0x0f,0xc0,0x00,0x03,0xf0,0x00,0x00,0xfc,0x00,0x00,0x3f,0x00,0x00,0x0f,0xc0,0x00,0x03,
  0xf0,0x00,0x00,0xfc,0x00,0x00,0x3f,0x00,0x00,0x1f,0xc0,0x00,0x0f,0xf0,0x00,0x3f,0xf8,0x00,0x0f,0xfc,
  0x00,0x03,0xff,0x00,0x00,0xff,0xe0,0x00,0x03,0xfc,0x00,0x00,0x7f,0x00,0x00,0x0f,0xc0,0x00,0x03,0xf0,
  0x00,0x00,0xfc,0x00,0x00,0x3f,0x00,0x00,0x0f,0xc0,0x00,0x03,0xf0,0x00,0x00,0xfc,0x00,0x00,0x3f,0x80,
  0x00,0x0f,0xfe,0x00,0x01,0xff,0x80,0x00,0x3f,0xe0,0x00,0x07,0xf8,0x00,0x07,0x80,0x3c,0x01,0xe0,0x0f,
  0x00,0x78,0x03,0xc0,0x1e,0x00,0xf0,0x07,0x80,0x3c,0x01,0xe0,0x0f,0x00,0x78,0x03,0xc0,0x1e,0x00,0xf0,
  0x07,0x80,0x3c,0x01,0xe0,0x0f,0x00,0x78,0x03,0xc0,0x1e,0x00,0xf0,0x07,0x80,0x3c,0x01,0xe0,0x0f,0x00,
  0x78,0x03,0xc0,0x1e,0x00,0xf0,0x07,0x80,0x3c,0x01,0xe0,0x0f,0x00,0x0f,0xf0,0x00,0x03,0xff,0x00,0x00,
  0xff,0xe0,0x00,0x3f,0xf8,0x00,0x00,0xff,0x00,0x00,0x1f,0xc0,0x00,0x03,0xf0,0x00,0x00,0xfc,0x00,0x00,
  0x3f,0x00,0x00,0x0f,0xc0,0x00,0x03,0xf0,0x00,0x00,0xfc,0x00,0x00,0x3f,0x00,0x00,0x0f,0xc0,0x00,0x03,
  0xfc,0x00,0x00,0x7f,0xe0,0x00,0x0f,0xf8,0x00,0x03,0xfe,0x00,0x03,0xff,0x80,0x00,0xfe,0x00,0x00,0x3f,
  0x00,0x00,0x0f,0xc0,0x00,0x03,0xf0,0x00,0x00,0xfc,0x00,0x00,0x3f,0x00,0x00,0x0f,0xc0,0x00,0x03,0xf0,
  0x00,0x01,0xfc,0x00,0x00,0xff,0x00,0x03,0xff,0x80,0x00,0xff,0xe0,0x00,0x3f,0xf0,0x00,0x0f,0xf0,0x00,
  0x00,0x00,0x00,0x00,0x00,0x07,0xf0,0x01,0x00,0x7f,0xf8,0x1c,0x03,0xff,0xff,0xf0,0x0f,0xff,0xff,0xc0,
  0x3c,0x1f,0xfe,0x00,0xc0,0x0f,0xe0,0x00,0x00,0x00,0x00,0x00,0x00,0x00,0x00,0x00,0x00,0x00,0x00,0x00,
  0x00,0x00,0x00,0x00,0x00,0x00,0x00,0x00,0x00,0x00,0x00,0x00,0x00,0x00,0x00,0x00,0x00,0x00,0x00,0x00,
  0x00,0x03,0xe0,0x01,0xfe,0x00,0xff,0xc0,0x3c,0xf0,0x1e,0x1e,0x07,0x03,0x81,0xc0,0xe0,0x70,0x38,0x0f,
  0x3c,0x03,0xff,0x00,0x7f,0x80,0x0f,0x80,0x00,0x00,0x00,0x00,0x00,0x00,0x00,0x00,0x00,0x00,0x00,0x00,
  0x00,0x00,0x00,0x00,0x00,0x00,0x00,0x00,0x00,0x00,0x00,0x00,0x00,0x00,0x00,0x00,0x00,0x00,0x00,0x00,
  0x00,0x00,0x0f,0xc0,0x3f,0x00,0xfc,0x03,0xf0,0x0f,0xc0,0x3f,0x00,0xfc,0x00,0x00,0x00,0x00,0x00,0x00,
  0x00,0x00,0x00,0x00,0x00,0x00,0x00,0x00,0x00,0x00,0x00,0x07,0x80,0x00,0x00,0x3f,0x00,0x00,0x01,0xfe,
  0x00,0x00,0x0f,0xfc,0x00,0x00,0x7f,0xf8,0x00,0x03,0xff,0xf0,0x00,0x1f,0xff,0xe0,0x00,0x7d,0xe7,0x80,
  0x00,0xe7,0x8c,0x00,0x00,0x1e,0x00,0x00,0x00,0x78,0x00,0x00,0x01,0xe0,0x00,0x00,0x07,0x80,0x00,0x00,
  0x1e,0x00,0x00,0x00,0x78,0x00,0x00,0x01,0xe0,0x00,0x00,0x07,0x80,0x00,0x00,0x1e,0x00,0x00,0x00,0x78,
  0x00,0x00,0x01,0xe0,0x00,0x00,0x07,0x80,0x00,0x00,0x1e,0x00,0x00,0x00,0x78,0x00,0x00,0x01,0xe0,0x00,
  0x00,0x07,0x80,0x00,0x00,0x1e,0x00,0x00,0x00,0x07,0x80,0x00,0x00,0x1e,0x00,0x00,0x00,0x78,0x00,0x00,
  0x01,0xe0,0x00,0x00,0x07,0x80,0x00,0x00,0x1e,0x00,0x00,0x00,0x78,0x00,0x00,0x01,0xe0,0x00,0x00,0x07,
  0x80,0x00,0x00,0x1e,0x00,0x00,0x00,0x78,0x00,0x00,0x01,0xe0,0x00,0x00,0x07,0x80,0x00,0x00,0x1e,0x00,
  0x00,0x00,0x78,0x00,0x00,0x01,0xe0,0x00,0x00,0x07,0x80,0x00,0x03,0x9e,0x30,0x00,0x1f,0x79,0xe0,0x00,
  0x7f,0xff,0x80,0x00,0xff,0xfc,0x00,0x01,0xff,0xe0,0x00,0x03,0xff,0x00,0x00,0x07,0xf8,0x00,0x00,0x0f,
  0xc0,0x00,0x00,0x1e,0x00,0x00,0x0f,0xff,0xff,0xc0,0x3f,0xff,0xff,0x00,0xff,0xff,0xfc,0x03,0xff,0xff,
  0xf0,0x00,0x00,0x00,0x00,0x00,0x00,0x00,0x00,0x00,0x00,0x00,0x00,0x00,0x00,0x00,0x00,0x00,0x00,0x00,
  0x00,0x00,0x00,0x00,0x00,0x00,0x00,0x00,0x00,0x00,0x00,0x00,0x00,0x00,0x00,
};
static const Glyph font_headline_glyphs[] = {
  {0x0020,0,0,0,0,0,13},
  {0x0021,0,16,26,0,-26,16},
  {0x0022,52,19,26,0,-26,19},
  {0x0023,114,30,26,0,-26,30},
  {0x0024,212,25,32,0,-27,25},
  {0x0025,312,36,26,0,-26,36},
  {0x0026,429,31,26,0,-26,31},
  {0x0027,530,11,26,0,-26,11},
  {0x0028,566,16,32,0,-27,16},
  {0x0029,630,16,32,0,-27,16},
  {0x002a,694,19,26,0,-26,19},
  {0x002b,756,30,22,0,-22,30},
  {0x002c,839,14,12,0,-7,14},
  {0x002d,860,15,13,0,-13,15},
  {0x002e,885,14,7,0,-7,14},
  {0x002f,898,14,30,0,-26,13},
  {0x0030,951,25,26,0,-26,25},
  {0x0031,1033,25,26,0,-26,25},
  {0x0032,1115,25,26,0,-26,25},
  {0x0033,1197,25,26,0,-26,25},
  {0x0034,1279,25,26,0,-26,25},
  {0x0035,1361,25,26,0,-26,25},
  {0x0036,1443,25,26,0,-26,25},
  {0x0037,1525,25,26,0,-26,25},
  {0x0038,1607,25,26,0,-26,25},
  {0x0039,1689,25,26,0,-26,25},
  {0x003a,1771,14,20,0,-20,14},
  {0x003b,1806,14,25,0,-20,14},
  {0x003c,1850,30,22,0,-22,30},
  {0x003d,1933,30,17,0,-17,30},
  {0x003e,1997,30,22,0,-22,30},
  {0x003f,2080,21,26,0,-26,21},
  {0x0040,2149,36,32,0,-26,36},
  {0x0041,2293,28,26,0,-26,28},
  {0x0042,2384,27,26,0,-26,27},
  {0x0043,2472,26,26,0,-26,26},
  {0x0044,2557,30,26,0,-26,30},
  {0x0045,2655,25,26,0,-26,25},
  {0x0046,2737,25,26,0,-26,25},
  {0x0047,2819,30,26,0,-26,30},
  {0x0048,2917,30,26,0,-26,30},
  {0x0049,3015,13,26,0,-26,13},
  {0x004a,3058,16,33,-3,-26,13},
  {0x004b,3124,29,26,0,-26,28},
  {0x004c,3219,23,26,0,-26,23},
  {0x004d,3294,36,26,0,-26,36},
  {0x004e,3411,30,26,0,-26,30},
  {0x004f,3509,31,26,0,-26,31},
  {0x0050,3610,26,26,0,-26,26},
  {0x0051,3695,31,31,0,-26,31},
  {0x0052,3816,28,26,0,-26,28},
  {0x0053,3907,26,26,0,-26,26},
  {0x0054,3992,25,26,0,-26,25},
  {0x0055,4074,29,26,0,-26,29},
  {0x0056,4169,28,26,0,-26,28},
  {0x0057,4260,40,26,0,-26,40},
  {0x0058,4390,28,26,0,-26,28},
  {0x0059,4481,28,26,-1,-26,26},
  {0x005a,4572,26,26,0,-26,26},
  {0x005b,4657,16,32,0,-27,16},
  {0x005c,4721,14,30,0,-26,13},
  {0x005d,4774,16,32,0,-27,16},
  {0x005e,4838,30,26,0,-26,30},
  {0x005f,4936,18,8,0,0,18},
  {0x0060,4954,18,29,0,-29,18},
  {0x0061,5020,24,20,0,-20,24},
  {0x0062,5080,26,27,0,-27,26},
  {0x0063,5168,21,20,0,-20,21},
  {0x0064,5221,26,27,0,-27,26},
  {0x0065,5309,24,20,0,-20,24},
  {0x0066,5369,16,27,0,-27,16},
  {0x0067,5423,26,28,0,-20,26},
  {0x0068,5514,26,27,0,-27,26},
  {0x0069,5602,12,27,0,-27,12},
  {0x006a,5643,14,35,-2,-27,12},
  {0x006b,5705,25,27,0,-27,24},
  {0x006c,5790,12,27,0,-27,12},
  {0x006d,5831,38,20,0,-20,38},
  {0x006e,5926,26,20,0,-20,26},
  {0x006f,5991,25,20,0,-20,25},
  {0x0070,6054,26,28,0,-20,26},
  {0x0071,6145,26,28,0,-20,26},
  {0x0072,6236,18,20,0,-20,18},
  {0x0073,6281,21,20,0,-20,21},
  {0x0074,6334,17,25,0,-25,17},
  {0x0075,6388,26,20,0,-20,26},
  {0x0076,6453,23,20,0,-20,23},
  {0x0077,6511,33,20,0,-20,33},
  {0x0078,6594,23,20,0,-20,23},
  {0x0079,6652,23,28,0,-20,23},
  {0x007a,6733,21,20,0,-20,21},
  {0x007b,6786,26,33,0,-27,26},
  {0x007c,6894,13,36,0,-28,13},
  {0x007d,6953,26,33,0,-27,26},
  {0x007e,7061,30,16,0,-16,30},
  {0x00b0,7121,18,27,0,-27,18},
  {0x00b7,7182,14,16,0,-16,14},
  {0x2191,7210,30,26,0,-26,30},
  {0x2193,7308,30,26,0,-26,30},
  {0x2212,7406,30,13,0,-13,30},
};
static const Font font_headline = { font_headline_bits, font_headline_glyphs, 100, 34, 9 };
